like1,parmu,simulation_0,chain
0.0,-9.660482150423807,-550.0,0.0
0.0,-8.108329475265865,-550.0,0.0
0.0,-8.739550057253357,-550.0,0.0
0.0,-15.367376740529567,-550.0,0.0
0.0,-2.0417338175861595,-550.0,0.0
0.0,-12.995315088826409,-550.0,0.0
0.0,-4.893288078127574,-550.0,0.0
0.0,-7.140792656982724,-550.0,0.0
0.0,-2.5132887623641604,-550.0,0.0
0.0,-5.9732830595809006,-550.0,0.0
0.0,-2.187307702059462,-550.0,0.0
0.0,-5.983209858425605,-550.0,0.0
0.0,-6.254534244383795,-550.0,0.0
0.0,-4.859406849433075,-550.0,0.0
0.0,-14.737672355194963,-550.0,0.0
0.0,-3.4312012217693333,-550.0,0.0
0.0,-5.056924537450971,-550.0,0.0
0.0,-11.578651057305319,-550.0,0.0
0.0,-3.0684029380523974,-550.0,0.0
0.0,-3.400097553864155,-550.0,0.0
0.0,-6.061330309620578,-550.0,0.0
0.0,-13.132358694681237,-550.0,0.0
0.0,-10.395174644898912,-550.0,0.0
0.0,-8.56157985155421,-550.0,0.0
0.0,-2.023580638067587,-550.0,0.0
0.0,-10.538865417487997,-550.0,0.0
0.0,-14.597526024682237,-550.0,0.0
0.0,-12.91493806748095,-550.0,0.0
0.0,-4.5460347894762165,-550.0,0.0
0.0,-8.910509851319187,-550.0,0.0
0.0,-4.80058450871867,-550.0,1.0
0.0,-7.087880255073179,-550.0,2.0
0.0,-14.520379792128944,-550.0,3.0
0.0,-14.251225077656581,-550.0,1.0
0.0,-11.578651057305319,-550.0,2.0
0.0,-14.251225077656581,-550.0,3.0
0.0,-4.39803152575343,-550.0,1.0
0.0,-12.061297119873597,-550.0,2.0
0.0,-4.967489890260115,-550.0,3.0
0.0,-6.007872487095177,-550.0,1.0
0.0,-15.069858347880817,-550.0,2.0
0.0,-7.263790918405325,-550.0,3.0
0.0,-14.351010819270476,-550.0,1.0
0.0,-5.703718711904681,-550.0,2.0
0.0,-9.365703606223203,-550.0,3.0
0.0,-12.263752853675346,-550.0,1.0
0.0,-4.859406849433075,-550.0,2.0
0.0,-12.263752853675346,-550.0,3.0
0.0,-14.53581504541403,-550.0,1.0
0.0,-6.254534244383795,-550.0,2.0
0.0,-3.769518431514232,-550.0,3.0
0.0,-15.775622040350742,-550.0,1.0
0.0,-10.489095349011732,-550.0,2.0
0.0,-15.775622040350742,-550.0,3.0
0.0,-9.935352917181694,-550.0,1.0
0.0,-15.324671044887172,-550.0,2.0
0.0,-2.187307702059462,-550.0,3.0
0.0,-2.4789768674748434,-550.0,1.0
0.0,-4.321218240253467,-550.0,2.0
0.0,-4.559464353062598,-550.0,3.0
0.0,-8.788893527359377,-550.0,1.0
0.0,-10.532070773488236,-550.0,2.0
0.0,-15.002811237355894,-550.0,3.0
0.0,-2.3578231588878307,-550.0,1.0
0.0,-13.8588357916439,-550.0,2.0
0.0,-2.3578231588878307,-550.0,3.0
0.0,-6.331230470464842,-550.0,1.0
0.0,-6.270047644683952,-550.0,2.0
0.0,-2.1449206444689928,-550.0,3.0
0.0,-4.5492940207811206,-550.0,1.0
0.0,-5.513008233329176,-550.0,2.0
0.0,-8.151132434578749,-550.0,3.0
0.0,-13.027688500541725,-550.0,1.0
0.0,-8.952980276674312,-550.0,2.0
0.0,-5.703718711904681,-550.0,3.0
0.0,-15.384210117982958,-550.0,1.0
0.0,-8.886413537132313,-550.0,2.0
0.0,-7.2339616567766285,-550.0,3.0
0.0,-4.819086265995033,-550.0,1.0
0.0,-4.967489890260115,-550.0,2.0
0.0,-4.819086265995033,-550.0,3.0
0.0,-10.585523335278895,-550.0,1.0
0.0,-3.6960619786865525,-550.0,2.0
0.0,-10.585523335278895,-550.0,3.0
0.0,-7.936620245164182,-550.0,1.0
0.0,-6.239140264982176,-550.0,2.0
0.0,-12.964912417100564,-550.0,3.0
0.0,-2.2407307546657123,-550.0,1.0
0.0,-5.242338926642779,-550.0,2.0
0.0,-3.400097553864155,-550.0,3.0
0.0,-13.081824035865438,-550.0,1.0
0.0,-13.947224774968461,-550.0,2.0
0.0,-6.239140264982176,-550.0,3.0
0.0,-15.244352799683005,-550.0,1.0
0.0,-10.585523335278895,-550.0,2.0
0.0,-14.030254013575066,-550.0,3.0
0.0,-8.73720222607934,-550.0,1.0
0.0,-8.499380850361483,-550.0,2.0
0.0,-7.585445136874322,-550.0,3.0
0.0,-10.5090361558593,-550.0,1.0
0.0,-7.263790918405325,-550.0,2.0
0.0,-5.581509776420944,-550.0,3.0
0.0,-12.202241841443943,-550.0,1.0
0.0,-15.038780076664683,-550.0,2.0
0.0,-5.703718711904681,-550.0,3.0
0.0,-8.972027268529672,-550.0,1.0
0.0,-8.151132434578749,-550.0,2.0
0.0,-8.972027268529672,-550.0,3.0
0.0,-15.763379303603157,-550.0,1.0
0.0,-2.362652685462896,-550.0,2.0
0.0,-10.033717529709271,-550.0,3.0
0.0,-6.283466452330742,-550.0,1.0
0.0,-4.45860342939562,-550.0,2.0
0.0,-8.675262454384537,-550.0,3.0
0.0,-11.877635953963361,-550.0,1.0
0.0,-7.62669900506263,-550.0,2.0
0.0,-12.584942380876964,-550.0,3.0
0.0,-6.4017057258412216,-550.0,1.0
0.0,-2.4789768674748434,-550.0,2.0
0.0,-4.321218240253467,-550.0,3.0
0.0,-6.73602191997065,-550.0,1.0
0.0,-12.584942380876964,-550.0,2.0
0.0,-6.73602191997065,-550.0,3.0
0.0,-9.346949561693563,-550.0,1.0
0.0,-5.561540428705889,-550.0,2.0
0.0,-11.168751074943232,-550.0,3.0
0.0,-4.304055755815385,-550.0,1.0
0.0,-15.763379303603157,-550.0,2.0
0.0,-4.304055755815385,-550.0,3.0
0.0,-3.117192080520965,-550.0,1.0
0.0,-4.537444105019061,-550.0,2.0
0.0,-5.819238314804728,-550.0,3.0
0.0,-2.4544571471350505,-550.0,1.0
0.0,-8.952980276674312,-550.0,2.0
0.0,-2.4544571471350505,-550.0,3.0
0.0,-8.946072060389707,-550.0,1.0
0.0,-5.581509776420944,-550.0,2.0
0.0,-3.9290578960652596,-550.0,3.0
0.0,-2.201131019380826,-550.0,1.0
0.0,-7.585445136874322,-550.0,2.0
0.0,-2.201131019380826,-550.0,3.0
0.0,-13.367723630003905,-550.0,1.0
0.0,-14.692784397146227,-550.0,2.0
0.0,-13.367723630003905,-550.0,3.0
0.0,-3.087090652804088,-550.0,1.0
0.0,-3.7880664875764563,-550.0,2.0
0.0,-13.817578855281525,-550.0,3.0
0.0,-3.9965031488317813,-550.0,1.0
0.0,-5.242338926642779,-550.0,2.0
0.0,-3.400097553864155,-550.0,3.0
0.0,-13.687932935594588,-550.0,1.0
0.0,-5.503385445566089,-550.0,2.0
0.0,-13.817578855281525,-550.0,3.0
0.0,-12.462152504957995,-550.0,1.0
0.0,-13.367723630003905,-550.0,2.0
0.0,-12.705193246432744,-550.0,3.0
0.0,-3.831491232425474,-550.0,1.0
0.0,-5.171071681924655,-550.0,2.0
0.0,-15.892295930230368,-550.0,3.0
0.0,-2.276606015709575,-550.0,1.0
0.0,-5.581509776420944,-550.0,2.0
0.0,-2.276606015709575,-550.0,3.0
0.0,-12.250281036248367,-550.0,1.0
0.0,-9.461781995832052,-550.0,2.0
0.0,-2.5505722907035775,-550.0,3.0
0.0,-3.255649895233393,-550.0,1.0
0.0,-9.717676350291047,-550.0,2.0
0.0,-5.819238314804728,-550.0,3.0
0.0,-5.312624787220601,-550.0,1.0
0.0,-10.637973370750098,-550.0,2.0
0.0,-9.621526514556791,-550.0,3.0
0.0,-15.353978316821602,-550.0,1.0
0.0,-2.33957665490313,-550.0,2.0
0.0,-2.5368253060643813,-550.0,3.0
0.0,-5.7366747600057675,-550.0,1.0
0.0,-6.961147399807702,-550.0,2.0
0.0,-11.79296764701613,-550.0,3.0
0.0,-4.6459333316751525,-550.0,1.0
0.0,-2.4789768674748434,-550.0,2.0
0.0,-4.321218240253467,-550.0,3.0
0.0,-8.583124056676366,-550.0,1.0
0.0,-7.527996653831483,-550.0,2.0
0.0,-11.79296764701613,-550.0,3.0
0.0,-12.331424416238601,-550.0,1.0
0.0,-2.142328003741879,-550.0,2.0
0.0,-8.334595235389823,-550.0,3.0
0.0,-13.930428241892981,-550.0,1.0
0.0,-5.312624787220601,-550.0,2.0
0.0,-13.930428241892981,-550.0,3.0
0.0,-13.616114385777365,-550.0,1.0
0.0,-5.819238314804728,-550.0,2.0
0.0,-13.616114385777365,-550.0,3.0
0.0,-6.139886418319593,-550.0,1.0
0.0,-12.78367757334451,-550.0,2.0
0.0,-6.139886418319593,-550.0,3.0
0.0,-12.250975821101076,-550.0,1.0
0.0,-14.446989426481462,-550.0,2.0
0.0,-2.276606015709575,-550.0,3.0
0.0,-7.261160434222852,-550.0,1.0
0.0,-15.49894936898536,-550.0,2.0
0.0,-15.50351736241041,-550.0,3.0
0.0,-12.042662862861583,-550.0,1.0
0.0,-13.367723630003905,-550.0,2.0
0.0,-12.042662862861583,-550.0,3.0
0.0,-13.558287015907652,-550.0,1.0
0.0,-14.15166161471474,-550.0,2.0
0.0,-13.817578855281525,-550.0,3.0
0.0,-5.242338926642779,-550.0,1.0
0.0,-5.838744521610405,-550.0,2.0
0.0,-3.400097553864155,-550.0,3.0
0.0,-5.503385445566089,-550.0,1.0
0.0,-13.817578855281525,-550.0,2.0
0.0,-5.503385445566089,-550.0,3.0
0.0,-11.380132479290422,-550.0,1.0
0.0,-13.787213272100317,-550.0,2.0
0.0,-12.042662862861583,-550.0,3.0
0.0,-13.691534686954064,-550.0,1.0
0.0,-14.319661663734445,-550.0,2.0
0.0,-13.063407710173683,-550.0,3.0
0.0,-3.2602116602997384,-550.0,1.0
0.0,-15.498850147015428,-550.0,2.0
0.0,-7.131579962098501,-550.0,3.0
0.0,-8.47702248384996,-550.0,1.0
0.0,-4.406404122993248,-550.0,2.0
0.0,-13.532396024572638,-550.0,3.0
0.0,-13.217592336641637,-550.0,1.0
0.0,-3.6852045507296793,-550.0,2.0
0.0,-5.389683659308442,-550.0,3.0
0.0,-9.423216408882244,-550.0,1.0
0.0,-13.369435365540998,-550.0,2.0
0.0,-11.780032792504258,-550.0,3.0
0.0,-5.971748401821674,-550.0,1.0
0.0,-14.526862467037768,-550.0,2.0
0.0,-2.142328003741879,-550.0,3.0
0.0,-5.3732804663366025,-550.0,1.0
0.0,-11.79296764701613,-550.0,2.0
0.0,-5.3732804663366025,-550.0,3.0
0.0,-2.803691958896529,-550.0,1.0
0.0,-2.4789768674748434,-550.0,2.0
0.0,-4.321218240253467,-550.0,3.0
0.0,-13.947683834511011,-550.0,1.0
0.0,-5.3732804663366025,-550.0,2.0
0.0,-13.947683834511011,-550.0,3.0
0.0,-9.80116879990147,-550.0,1.0
0.0,-2.142328003741879,-550.0,2.0
0.0,-9.80116879990147,-550.0,3.0
0.0,-7.463020236609324,-550.0,1.0
0.0,-11.780032792504258,-550.0,2.0
0.0,-8.438802531083446,-550.0,3.0
0.0,-14.045669041273651,-550.0,1.0
0.0,-13.915472053674595,-550.0,2.0
0.0,-14.175866028872708,-550.0,3.0
0.0,-5.391167967091466,-550.0,1.0
0.0,-8.327878787047881,-550.0,2.0
0.0,-13.532396024572638,-550.0,3.0
0.0,-4.369276593990309,-550.0,1.0
0.0,-7.412430098334898,-550.0,2.0
0.0,-7.728100246037203,-550.0,3.0
0.0,-12.435280733393302,-550.0,1.0
0.0,-13.691534686954064,-550.0,2.0
0.0,-12.435280733393302,-550.0,3.0
0.0,-11.170387658242216,-550.0,1.0
0.0,-10.717602095719261,-550.0,2.0
0.0,-10.264816533196306,-550.0,3.0
0.0,-14.730774388955842,-550.0,1.0
0.0,-12.645091482233335,-550.0,2.0
0.0,-11.13852134975193,-550.0,3.0
0.0,-5.242338926642779,-550.0,1.0
0.0,-3.400097553864155,-550.0,2.0
0.0,-3.9965031488317813,-550.0,3.0
0.0,-6.675872818614279,-550.0,1.0
0.0,-12.645091482233335,-550.0,2.0
0.0,-11.602250028872081,-550.0,3.0
0.0,-10.0550717121481,-550.0,1.0
0.0,-9.812030970673352,-550.0,2.0
0.0,-10.717602095719261,-550.0,3.0
0.0,-11.807153756612921,-550.0,1.0
0.0,-10.18874312798433,-550.0,2.0
0.0,-11.612867506085934,-550.0,3.0
0.0,-7.096759950632594,-550.0,1.0
0.0,-7.728100246037203,-550.0,2.0
0.0,-15.068162086618743,-550.0,3.0
0.0,-3.123361549523125,-550.0,1.0
0.0,-13.532396024572638,-550.0,2.0
0.0,-4.7068356008649825,-550.0,3.0
0.0,-14.306063016471764,-550.0,1.0
0.0,-14.045669041273651,-550.0,2.0
0.0,-14.306063016471764,-550.0,3.0
0.0,-5.097572269662635,-550.0,1.0
0.0,-10.135916331644903,-550.0,2.0
0.0,-11.780032792504258,-550.0,3.0
0.0,-6.868021670878177,-550.0,1.0
0.0,-9.80116879990147,-550.0,2.0
0.0,-6.868021670878177,-550.0,3.0
0.0,-3.218564278841722,-550.0,1.0
0.0,-13.947683834511011,-550.0,2.0
0.0,-3.218564278841722,-550.0,3.0
0.0,-2.4789768674748434,-550.0,1.0
0.0,-4.321218240253467,-550.0,2.0
0.0,-2.4789768674748434,-550.0,3.0
0.0,-8.567973836869395,-550.0,1.0
0.0,-10.752990463978218,-550.0,2.0
0.0,-12.92285687128007,-550.0,3.0
0.0,-5.075475132765172,-550.0,1.0
0.0,-6.868021670878177,-550.0,2.0
0.0,-5.075475132765172,-550.0,3.0
0.0,-8.491799870785549,-550.0,1.0
0.0,-8.544797210487651,-550.0,2.0
0.0,-11.780032792504258,-550.0,3.0
0.0,-5.129289684110329,-550.0,1.0
0.0,-14.306063016471764,-550.0,2.0
0.0,-14.43626000407082,-550.0,3.0
0.0,-8.517033845579427,-550.0,1.0
0.0,-8.706188904110972,-550.0,2.0
0.0,-10.865058850038658,-550.0,3.0
0.0,-8.043770393739507,-550.0,1.0
0.0,-7.412430098334898,-550.0,2.0
0.0,-13.912110483553823,-550.0,3.0
0.0,-12.001440007139909,-550.0,1.0
0.0,-11.612867506085934,-550.0,2.0
0.0,-12.001440007139909,-550.0,3.0
0.0,-11.170387658242216,-550.0,1.0
0.0,-9.39254132857694,-550.0,2.0
0.0,-10.717602095719261,-550.0,3.0
0.0,-10.559408575510828,-550.0,1.0
0.0,-9.980295801269726,-550.0,2.0
0.0,-12.645091482233335,-550.0,3.0
0.0,-13.408609947444322,-550.0,1.0
0.0,-3.6035523566020036,-550.0,2.0
0.0,-6.684676984936834,-550.0,3.0
0.0,-13.687932935594588,-550.0,1.0
0.0,-11.602250028872081,-550.0,2.0
0.0,-6.675872818614279,-550.0,3.0
0.0,-11.623173220765171,-550.0,1.0
0.0,-10.717602095719261,-550.0,2.0
0.0,-11.623173220765171,-550.0,3.0
0.0,-14.46239243482256,-550.0,1.0
0.0,-14.732659614541914,-550.0,2.0
0.0,-14.46239243482256,-550.0,3.0
0.0,-9.58301110350109,-550.0,1.0
0.0,-5.241849093168707,-550.0,2.0
0.0,-14.907517001769278,-550.0,3.0
0.0,-3.627524761643812,-550.0,1.0
0.0,-6.547318958183286,-550.0,2.0
0.0,-10.865058850038658,-550.0,3.0
0.0,-14.566456991669877,-550.0,1.0
0.0,-14.306063016471764,-550.0,2.0
0.0,-14.566456991669877,-550.0,3.0
0.0,-13.424149253363613,-550.0,1.0
0.0,-5.3095616284710445,-550.0,2.0
0.0,-11.780032792504258,-550.0,3.0
0.0,-11.593715338014475,-550.0,1.0
0.0,-5.075475132765172,-550.0,2.0
0.0,-11.593715338014475,-550.0,3.0
0.0,-15.092723278581921,-550.0,1.0
0.0,-10.752990463978218,-550.0,2.0
0.0,-15.092723278581921,-550.0,3.0
0.0,-10.890377102398825,-550.0,1.0
0.0,-2.4789768674748434,-550.0,2.0
0.0,-10.890377102398825,-550.0,3.0
0.0,-13.576824850422359,-550.0,1.0
0.0,-14.258369068175062,-550.0,2.0
0.0,-4.228241022265692,-550.0,3.0
0.0,-14.852835440639126,-550.0,1.0
0.0,-15.708197711526562,-550.0,2.0
0.0,-14.492779741071045,-550.0,3.0
0.0,-15.015268374520865,-550.0,1.0
0.0,-15.068265714222967,-550.0,2.0
0.0,-11.780032792504258,-550.0,3.0
0.0,-4.868895708912216,-550.0,1.0
0.0,-14.566456991669877,-550.0,2.0
0.0,-14.696653979268934,-550.0,3.0
0.0,-7.3509104934325045,-550.0,1.0
0.0,-7.040543291363763,-550.0,2.0
0.0,-10.131635307765183,-550.0,3.0
0.0,-13.543304489700269,-550.0,1.0
0.0,-11.965732887813097,-550.0,2.0
0.0,-2.5328754002668354,-550.0,3.0
0.0,-14.327258844962882,-550.0,1.0
0.0,-14.597526024682237,-550.0,2.0
0.0,-9.151915078403283,-550.0,3.0
0.0,-8.48697020353103,-550.0,1.0
0.0,-11.623173220765171,-550.0,2.0
0.0,-8.48697020353103,-550.0,3.0
0.0,-10.43679207322469,-550.0,1.0
0.0,-12.767707984519472,-550.0,2.0
0.0,-10.43679207322469,-550.0,3.0
0.0,-15.096077219860815,-550.0,1.0
0.0,-6.684676984936834,-550.0,2.0
0.0,-15.096077219860815,-550.0,3.0
0.0,-8.884172227622923,-550.0,1.0
0.0,-10.43679207322469,-550.0,2.0
0.0,-9.2713341175773,-550.0,3.0
0.0,-13.853805112953403,-550.0,1.0
0.0,-8.48697020353103,-550.0,2.0
0.0,-13.853805112953403,-550.0,3.0
0.0,-15.875273320922338,-550.0,1.0
0.0,-13.319778728442136,-550.0,2.0
0.0,-15.875273320922338,-550.0,3.0
0.0,-12.29198479640296,-550.0,1.0
0.0,-2.5328754002668354,-550.0,2.0
0.0,-12.29198479640296,-550.0,3.0
0.0,-7.2807425004567605,-550.0,1.0
0.0,-10.131635307765183,-550.0,2.0
0.0,-7.2807425004567605,-550.0,3.0
0.0,-14.82685096686799,-550.0,1.0
0.0,-14.566456991669877,-550.0,2.0
0.0,-14.82685096686799,-550.0,3.0
0.0,-10.135916331644903,-550.0,1.0
0.0,-10.110233272118656,-550.0,2.0
0.0,-2.153362594806117,-550.0,3.0
0.0,-15.520035167024037,-550.0,1.0
0.0,-15.212891140207207,-550.0,2.0
0.0,-14.905747113390376,-550.0,3.0
0.0,-15.356718653505812,-550.0,1.0
0.0,-13.160019482844312,-550.0,2.0
0.0,-15.356718653505812,-550.0,3.0
0.0,-4.617562208259034,-550.0,1.0
0.0,-7.144115673904745,-550.0,2.0
0.0,-4.342444027462593,-550.0,3.0
0.0,-3.9642456473418015,-550.0,1.0
0.0,-15.356718653505812,-550.0,2.0
0.0,-3.9642456473418015,-550.0,3.0
0.0,-15.572946839775287,-550.0,1.0
0.0,-14.852835440639126,-550.0,2.0
0.0,-14.598603086573545,-550.0,3.0
0.0,-15.086879640129796,-550.0,1.0
0.0,-5.184953023160011,-550.0,2.0
0.0,-15.086879640129796,-550.0,3.0
0.0,-4.608501733714103,-550.0,1.0
0.0,-14.82685096686799,-550.0,2.0
0.0,-14.957047954467047,-550.0,3.0
0.0,-3.8072582827760897,-550.0,1.0
0.0,-3.4477912405115347,-550.0,2.0
0.0,-3.8072582827760897,-550.0,3.0
0.0,-8.745957527826905,-550.0,1.0
0.0,-15.330017248544731,-550.0,2.0
0.0,-14.485016754993826,-550.0,3.0
0.0,-7.739034192303505,-550.0,1.0
0.0,-15.875273320922338,-550.0,2.0
0.0,-7.739034192303505,-550.0,3.0
0.0,-6.256338311342798,-550.0,1.0
0.0,-13.853805112953403,-550.0,2.0
0.0,-6.256338311342798,-550.0,3.0
0.0,-8.10587616192991,-550.0,1.0
0.0,-10.43679207322469,-550.0,2.0
0.0,-8.10587616192991,-550.0,3.0
0.0,-2.755888403474147,-550.0,1.0
0.0,-2.7921201889800678,-550.0,2.0
0.0,-2.7196566179682264,-550.0,3.0
0.0,-11.215088138917704,-550.0,1.0
0.0,-13.158842160258107,-550.0,2.0
0.0,-8.10587616192991,-550.0,3.0
0.0,-9.950760057519457,-550.0,1.0
0.0,-12.390015258964976,-550.0,2.0
0.0,-14.724958805781851,-550.0,3.0
0.0,-11.536856820333432,-550.0,1.0
0.0,-13.670707403870523,-550.0,2.0
0.0,-15.534261051128125,-550.0,3.0
0.0,-10.144361930719805,-550.0,1.0
0.0,-4.680498265949991,-550.0,2.0
0.0,-10.144361930719805,-550.0,3.0
0.0,-3.986991803908367,-550.0,1.0
0.0,-13.605119525445854,-550.0,2.0
0.0,-8.509542838127667,-550.0,3.0
0.0,-15.087244942066103,-550.0,1.0
0.0,-14.82685096686799,-550.0,2.0
0.0,-15.087244942066103,-550.0,3.0
0.0,-6.89658152023417,-550.0,1.0
0.0,-14.943657108911934,-550.0,2.0
0.0,-7.583337727061007,-550.0,3.0
0.0,-15.107067794704706,-550.0,1.0
0.0,-14.598603086573545,-550.0,2.0
0.0,-15.107067794704706,-550.0,3.0
0.0,-11.20983665933802,-550.0,1.0
0.0,-4.93700511931536,-550.0,2.0
0.0,-13.692118295742016,-550.0,3.0
0.0,-13.253102804348881,-550.0,1.0
0.0,-7.940818984010065,-550.0,2.0
0.0,-13.161981350051903,-550.0,3.0
0.0,-5.628846005105597,-550.0,1.0
0.0,-13.692118295742016,-550.0,2.0
0.0,-5.628846005105597,-550.0,3.0
0.0,-15.361300148770287,-550.0,1.0
0.0,-14.852835440639126,-550.0,2.0
0.0,-14.704426432076046,-550.0,3.0
0.0,-5.605957023417167,-550.0,1.0
0.0,-9.560718430704847,-550.0,2.0
0.0,-4.10616848688883,-550.0,3.0
0.0,-4.34810775851599,-550.0,1.0
0.0,-15.087244942066103,-550.0,2.0
0.0,-4.34810775851599,-550.0,3.0
0.0,-3.413966150809479,-550.0,1.0
0.0,-8.505839292611281,-550.0,2.0
0.0,-13.605119525445854,-550.0,3.0
0.0,-7.1217605783434905,-550.0,1.0
0.0,-6.831091058352083,-550.0,2.0
0.0,-7.412430098334898,-550.0,3.0
0.0,-10.178893487339353,-550.0,1.0
0.0,-12.741905478895657,-550.0,2.0
0.0,-12.387697610103281,-550.0,3.0
0.0,-6.216283115241012,-550.0,1.0
0.0,-14.311430590191483,-550.0,2.0
0.0,-4.232031173521756,-550.0,3.0
0.0,-15.544090449727223,-550.0,1.0
0.0,-10.773593870788991,-550.0,2.0
0.0,-15.544090449727223,-550.0,3.0
0.0,-11.706372441993144,-550.0,1.0
0.0,-13.125749564545982,-550.0,2.0
0.0,-2.755888403474147,-550.0,3.0
0.0,-3.7768738511203903,-550.0,1.0
0.0,-15.544090449727223,-550.0,2.0
0.0,-3.7768738511203903,-550.0,3.0
0.0,-14.574249896991613,-550.0,1.0
0.0,-13.507618605494908,-550.0,2.0
0.0,-7.316574565273973,-550.0,3.0
0.0,-9.241134169078437,-550.0,1.0
0.0,-15.534261051128125,-550.0,2.0
0.0,-9.241134169078437,-550.0,3.0
0.0,-7.703099618326306,-550.0,1.0
0.0,-7.1217605783434905,-550.0,2.0
0.0,-7.703099618326306,-550.0,3.0
0.0,-3.4065590597767077,-550.0,1.0
0.0,-10.6312791676417,-550.0,2.0
0.0,-13.605119525445854,-550.0,3.0
0.0,-7.9626330563916135,-550.0,1.0
0.0,-14.8506327641263,-550.0,2.0
0.0,-15.063463144807795,-550.0,3.0
0.0,-11.538099134348688,-550.0,1.0
0.0,-7.583337727061007,-550.0,2.0
0.0,-15.342130055978412,-550.0,3.0
0.0,-15.001244449202206,-550.0,1.0
0.0,-15.096741785014036,-550.0,2.0
0.0,-14.704426432076046,-550.0,3.0
0.0,-11.244339327529973,-550.0,1.0
0.0,-5.897197276222203,-550.0,2.0
0.0,-3.7326726556830607,-550.0,3.0
0.0,-5.612165997369038,-550.0,1.0
0.0,-7.3772939568436975,-550.0,2.0
0.0,-4.033586684168098,-550.0,3.0
0.0,-15.588291645164553,-550.0,1.0
0.0,-3.7326726556830607,-550.0,2.0
0.0,-13.867494371307135,-550.0,3.0
0.0,-15.489057137952026,-550.0,1.0
0.0,-10.591594579476837,-550.0,2.0
0.0,-14.704426432076046,-550.0,3.0
0.0,-12.446408657338328,-550.0,1.0
0.0,-2.7202667967836867,-550.0,2.0
0.0,-12.446408657338328,-550.0,3.0
0.0,-15.169878335148542,-550.0,1.0
0.0,-4.371889555774299,-550.0,2.0
0.0,-8.371618947803148,-550.0,3.0
0.0,-7.657438809837547,-550.0,1.0
0.0,-13.605119525445854,-550.0,2.0
0.0,-7.657438809837547,-550.0,3.0
0.0,-15.632751776175569,-550.0,1.0
0.0,-7.563835094098508,-550.0,2.0
0.0,-14.182282227362988,-550.0,3.0
0.0,-6.0945707280535935,-550.0,1.0
0.0,-12.387697610103281,-550.0,2.0
0.0,-6.0945707280535935,-550.0,3.0
0.0,-12.892568112022085,-550.0,1.0
0.0,-14.627747910303363,-550.0,2.0
0.0,-14.82216970126034,-550.0,3.0
0.0,-10.131707310614676,-550.0,1.0
0.0,-9.019075293699379,-550.0,2.0
0.0,-11.244339327529973,-550.0,3.0
0.0,-9.52333348525131,-550.0,1.0
0.0,-5.311284964862049,-550.0,2.0
0.0,-10.69766207228366,-550.0,3.0
0.0,-7.104572460971244,-550.0,1.0
0.0,-9.189256990232938,-550.0,2.0
0.0,-11.273941519494631,-550.0,3.0
0.0,-12.008494126220503,-550.0,1.0
0.0,-9.292029446659155,-550.0,2.0
0.0,-14.724958805781851,-550.0,3.0
0.0,-5.100050413213772,-550.0,1.0
0.0,-9.03575057957351,-550.0,2.0
0.0,-7.938754150848887,-550.0,3.0
0.0,-15.288748828905813,-550.0,1.0
0.0,-5.745601802799486,-550.0,2.0
0.0,-9.38206838539753,-550.0,3.0
0.0,-9.354239775385015,-550.0,1.0
0.0,-7.657438809837547,-550.0,2.0
0.0,-9.354239775385015,-550.0,3.0
0.0,-12.371348339831997,-550.0,1.0
0.0,-15.025020329372946,-550.0,2.0
0.0,-4.371889555774299,-550.0,3.0
0.0,-10.361686326265998,-550.0,1.0
0.0,-12.049911593135956,-550.0,2.0
0.0,-13.075088004589634,-550.0,3.0
0.0,-6.478762726877628,-550.0,1.0
0.0,-4.916050433318565,-550.0,2.0
0.0,-14.704426432076046,-550.0,3.0
0.0,-15.594092527486474,-550.0,1.0
0.0,-12.140896215127796,-550.0,2.0
0.0,-13.03745310272562,-550.0,3.0
0.0,-4.1706965669339855,-550.0,1.0
0.0,-6.588983245555999,-550.0,2.0
0.0,-9.007269924178013,-550.0,3.0
0.0,-7.180068085719817,-550.0,1.0
0.0,-12.140896215127796,-550.0,2.0
0.0,-7.180068085719817,-550.0,3.0
0.0,-4.45403121568825,-550.0,1.0
0.0,-6.246455705275132,-550.0,2.0
0.0,-3.585645161361999,-550.0,3.0
0.0,-4.099459499517801,-550.0,1.0
0.0,-2.09158744953238,-550.0,2.0
0.0,-13.075088004589634,-550.0,3.0
0.0,-7.85900110083697,-550.0,1.0
0.0,-6.445162528864458,-550.0,2.0
0.0,-15.871833028757948,-550.0,3.0
0.0,-11.908318559898387,-550.0,1.0
0.0,-15.310797827185493,-550.0,2.0
0.0,-9.354239775385015,-550.0,3.0
0.0,-11.20030167669655,-550.0,1.0
0.0,-6.836838650673828,-550.0,2.0
0.0,-13.612542245629351,-550.0,3.0
0.0,-3.631488219777644,-550.0,1.0
0.0,-10.543514187307988,-550.0,2.0
0.0,-7.938754150848887,-550.0,3.0
0.0,-10.697653950599356,-550.0,1.0
0.0,-13.383091076903538,-550.0,2.0
0.0,-14.708456552737102,-550.0,3.0
0.0,-13.358626048756324,-550.0,1.0
0.0,-13.67979899478703,-550.0,2.0
0.0,-13.03745310272562,-550.0,3.0
0.0,-7.86668152624995,-550.0,1.0
0.0,-5.311284964862049,-550.0,2.0
0.0,-7.86668152624995,-550.0,3.0
0.0,-5.962338252091289,-550.0,1.0
0.0,-9.773056164751093,-550.0,2.0
0.0,-13.358626048756324,-550.0,3.0
0.0,-4.923070976902103,-550.0,1.0
0.0,-11.251237356366438,-550.0,2.0
0.0,-14.62909019436423,-550.0,3.0
0.0,-6.919610848362673,-550.0,1.0
0.0,-3.2467668319747762,-550.0,2.0
0.0,-4.016209607580512,-550.0,3.0
0.0,-12.317567489489424,-550.0,1.0
0.0,-8.78806110776375,-550.0,2.0
0.0,-13.612542245629351,-550.0,3.0
0.0,-9.670617011232643,-550.0,1.0
0.0,-8.709954854823586,-550.0,2.0
0.0,-14.197468954344258,-550.0,3.0
0.0,-5.676792112426757,-550.0,1.0
0.0,-11.066445783179539,-550.0,2.0
0.0,-5.676792112426757,-550.0,3.0
0.0,-15.956680690572806,-550.0,1.0
0.0,-5.079998150312733,-550.0,2.0
0.0,-3.118920848722869,-550.0,3.0
0.0,-2.2552398894054324,-550.0,1.0
0.0,-5.322417270014501,-550.0,2.0
0.0,-3.585645161361999,-550.0,3.0
0.0,-15.738995876460171,-550.0,1.0
0.0,-13.517417548217509,-550.0,2.0
0.0,-8.926395713183284,-550.0,3.0
0.0,-9.1443798069439,-550.0,1.0
0.0,-9.281489689709788,-550.0,2.0
0.0,-6.588983245555999,-550.0,3.0
0.0,-3.5819684243874423,-550.0,1.0
0.0,-3.824748421460118,-550.0,2.0
0.0,-15.738995876460171,-550.0,3.0
0.0,-11.059058108153783,-550.0,1.0
0.0,-4.407636203179951,-550.0,2.0
0.0,-12.560870766761774,-550.0,3.0
0.0,-12.047754605399145,-550.0,1.0
0.0,-3.118920848722869,-550.0,2.0
0.0,-12.047754605399145,-550.0,3.0
0.0,-12.783975754923688,-550.0,1.0
0.0,-15.091625901819254,-550.0,2.0
0.0,-14.958414756926638,-550.0,3.0
0.0,-13.084140081503023,-550.0,1.0
0.0,-15.310797827185493,-550.0,2.0
0.0,-13.084140081503023,-550.0,3.0
0.0,-11.022592733349496,-550.0,1.0
0.0,-13.612542245629351,-550.0,2.0
0.0,-11.022592733349496,-550.0,3.0
0.0,-14.466058730576362,-550.0,1.0
0.0,-4.016209607580512,-550.0,2.0
0.0,-14.466058730576362,-550.0,3.0
0.0,-14.820827417199473,-550.0,1.0
0.0,-14.62909019436423,-550.0,2.0
0.0,-14.549723835991356,-550.0,3.0
0.0,-6.187486280745862,-550.0,1.0
0.0,-13.358626048756324,-550.0,2.0
0.0,-6.187486280745862,-550.0,3.0
0.0,-5.311284964862049,-550.0,1.0
0.0,-7.82600225669861,-550.0,2.0
0.0,-2.7965676730254874,-550.0,3.0
0.0,-2.6019163967406307,-550.0,1.0
0.0,-13.133478020101752,-550.0,2.0
0.0,-6.187486280745862,-550.0,3.0
0.0,-14.470357477618483,-550.0,1.0
0.0,-14.62909019436423,-550.0,2.0
0.0,-14.470357477618483,-550.0,3.0
0.0,-3.2916714754373686,-550.0,1.0
0.0,-14.844663822127426,-550.0,2.0
0.0,-7.978769068125711,-550.0,3.0
0.0,-11.378010620043606,-550.0,1.0
0.0,-11.022592733349496,-550.0,2.0
0.0,-11.378010620043606,-550.0,3.0
0.0,-11.970811208661788,-550.0,1.0
0.0,-15.23166756249999,-550.0,2.0
0.0,-14.197468954344258,-550.0,3.0
0.0,-14.89180918448033,-550.0,1.0
0.0,-8.827682848220746,-550.0,2.0
0.0,-7.915555047385549,-550.0,3.0
0.0,-4.843545494406634,-550.0,1.0
0.0,-3.355373504628968,-550.0,2.0
0.0,-12.913872215307027,-550.0,3.0
0.0,-11.440637838633428,-550.0,1.0
0.0,-12.965101058816789,-550.0,2.0
0.0,-14.791225478046075,-550.0,3.0
0.0,-13.4536732441305,-550.0,1.0
0.0,-3.419588545736568,-550.0,2.0
0.0,-4.229908297183668,-550.0,3.0
0.0,-4.033586684168098,-550.0,1.0
0.0,-5.270605695310708,-550.0,2.0
0.0,-6.588983245555999,-550.0,3.0
0.0,-15.091056003663946,-550.0,1.0
0.0,-4.229908297183668,-550.0,2.0
0.0,-15.091056003663946,-550.0,3.0
0.0,-10.430993946589254,-550.0,1.0
0.0,-8.852090636495653,-550.0,2.0
0.0,-3.920166157908314,-550.0,3.0
0.0,-12.991746562511551,-550.0,1.0
0.0,-12.835997868102503,-550.0,2.0
0.0,-12.991746562511551,-550.0,3.0
0.0,-9.457085745144301,-550.0,1.0
0.0,-10.542552542485454,-550.0,2.0
0.0,-14.61528671408192,-550.0,3.0
0.0,-11.501588319967283,-550.0,1.0
0.0,-13.141191284370025,-550.0,2.0
0.0,-15.313323844673205,-550.0,3.0
0.0,-13.257124358935242,-550.0,1.0
0.0,-11.378010620043606,-550.0,2.0
0.0,-13.257124358935242,-550.0,3.0
0.0,-13.928930696874291,-550.0,1.0
0.0,-15.760396947380562,-550.0,2.0
0.0,-7.125107006779135,-550.0,3.0
0.0,-14.39099111924561,-550.0,1.0
0.0,-14.979560133945219,-550.0,2.0
0.0,-14.470357477618483,-550.0,3.0
0.0,-12.359102210426434,-550.0,1.0
0.0,-6.479531413798014,-550.0,2.0
0.0,-5.197864843302044,-550.0,3.0
0.0,-5.351964234413389,-550.0,1.0
0.0,-7.86668152624995,-550.0,2.0
0.0,-5.311284964862049,-550.0,3.0
0.0,-14.12309945754557,-550.0,1.0
0.0,-5.197864843302044,-550.0,2.0
0.0,-14.12309945754557,-550.0,3.0
0.0,-14.311624760872737,-550.0,1.0
0.0,-14.470357477618483,-550.0,2.0
0.0,-14.215756149455116,-550.0,3.0
0.0,-6.271758228938602,-550.0,1.0
0.0,-7.978455784619669,-550.0,2.0
0.0,-2.0995313819161865,-550.0,3.0
0.0,-9.14347899445786,-550.0,1.0
0.0,-13.257124358935242,-550.0,2.0
0.0,-14.19668122838106,-550.0,3.0
0.0,-10.85495631833284,-550.0,1.0
0.0,-15.313323844673205,-550.0,2.0
0.0,-10.85495631833284,-550.0,3.0
0.0,-6.469818370888989,-550.0,1.0
0.0,-14.61528671408192,-550.0,2.0
0.0,-6.469818370888989,-550.0,3.0
0.0,-14.138234528470006,-550.0,1.0
0.0,-11.713820239392227,-550.0,2.0
0.0,-13.06613070040464,-550.0,3.0
0.0,-4.987896273468186,-550.0,1.0
0.0,-3.920166157908314,-550.0,2.0
0.0,-4.987896273468186,-550.0,3.0
0.0,-15.32347831599427,-550.0,1.0
0.0,-5.283536549017816,-550.0,2.0
0.0,-7.599182327524934,-550.0,3.0
0.0,-4.033586684168098,-550.0,1.0
0.0,-6.588983245555999,-550.0,2.0
0.0,-4.033586684168098,-550.0,3.0
0.0,-11.72178197332268,-550.0,1.0
0.0,-7.649193492853039,-550.0,2.0
0.0,-7.599182327524934,-550.0,3.0
0.0,-8.034274097937242,-550.0,1.0
0.0,-2.7593711304598294,-550.0,2.0
0.0,-4.739936535286731,-550.0,3.0
0.0,-6.036337916373103,-550.0,1.0
0.0,-12.761613730209413,-550.0,2.0
0.0,-13.06613070040464,-550.0,3.0
0.0,-4.512527741304691,-550.0,1.0
0.0,-12.776773144701675,-550.0,2.0
0.0,-15.010993746917896,-550.0,3.0
0.0,-2.7338375125544516,-550.0,1.0
0.0,-15.710552703611592,-550.0,2.0
0.0,-14.752782421388387,-550.0,3.0
0.0,-15.136238097826878,-550.0,1.0
0.0,-13.257124358935242,-550.0,2.0
0.0,-15.136238097826878,-550.0,3.0
0.0,-11.69901753290609,-550.0,1.0
0.0,-12.904146005412786,-550.0,2.0
0.0,-2.9410532012414734,-550.0,3.0
0.0,-13.961154821291748,-550.0,1.0
0.0,-14.470357477618483,-550.0,2.0
0.0,-13.961154821291748,-550.0,3.0
0.0,-6.882984659089866,-550.0,1.0
0.0,-8.482432769161916,-550.0,2.0
0.0,-15.17758377379226,-550.0,3.0
0.0,-5.270605695310708,-550.0,1.0
0.0,-5.351964234413389,-550.0,2.0
0.0,-2.755888403474147,-550.0,3.0
0.0,-4.143380527055353,-550.0,1.0
0.0,-15.17758377379226,-550.0,2.0
0.0,-4.143380527055353,-550.0,3.0
0.0,-13.70655349312838,-550.0,1.0
0.0,-14.820827417199473,-550.0,2.0
0.0,-13.961154821291748,-550.0,3.0
0.0,-4.460508805853559,-550.0,1.0
0.0,-6.821486229790931,-550.0,2.0
0.0,-9.29657952893394,-550.0,3.0
0.0,-7.264365255566224,-550.0,1.0
0.0,-15.136238097826878,-550.0,2.0
0.0,-9.786690335073509,-550.0,3.0
0.0,-11.415497741617658,-550.0,1.0
0.0,-7.599327920735327,-550.0,2.0
0.0,-14.752782421388387,-550.0,3.0
0.0,-15.501502077730134,-550.0,1.0
0.0,-14.520485416105657,-550.0,2.0
0.0,-15.501502077730134,-550.0,3.0
0.0,-11.710487945543349,-550.0,1.0
0.0,-11.400775722091772,-550.0,2.0
0.0,-12.38723615158132,-550.0,3.0
0.0,-4.168125896089769,-550.0,1.0
0.0,-4.739936535286731,-550.0,2.0
0.0,-2.4061835199280086,-550.0,3.0
0.0,-7.699204658181143,-550.0,1.0
0.0,-6.915976547200371,-550.0,2.0
0.0,-8.482432769161916,-550.0,3.0
0.0,-8.799632628498127,-550.0,1.0
0.0,-12.1097759688315,-550.0,2.0
0.0,-15.587310917885285,-550.0,3.0
0.0,-11.62175964266647,-550.0,1.0
0.0,-7.699204658181143,-550.0,2.0
0.0,-11.62175964266647,-550.0,3.0
0.0,-14.01335804336447,-550.0,1.0
0.0,-10.349764841383342,-550.0,2.0
0.0,-7.4870932340937255,-550.0,3.0
0.0,-13.440508279032734,-550.0,1.0
0.0,-12.38723615158132,-550.0,2.0
0.0,-2.0212301170315676,-550.0,3.0
0.0,-14.282116291230526,-550.0,1.0
0.0,-13.553238835543157,-550.0,2.0
0.0,-15.501502077730134,-550.0,3.0
0.0,-7.379925462800822,-550.0,1.0
0.0,-7.818730378669832,-550.0,2.0
0.0,-7.379925462800822,-550.0,3.0
0.0,-4.437142572320139,-550.0,1.0
0.0,-8.77239846708633,-550.0,2.0
0.0,-15.136238097826878,-550.0,3.0
0.0,-4.346392930647923,-550.0,1.0
0.0,-5.751732660054373,-550.0,2.0
0.0,-9.29657952893394,-550.0,3.0
0.0,-13.451952164965013,-550.0,1.0
0.0,-13.961154821291748,-550.0,2.0
0.0,-13.531318523337886,-550.0,3.0
0.0,-5.259058616017661,-550.0,1.0
0.0,-10.197547494802738,-550.0,2.0
0.0,-15.782973658649745,-550.0,3.0
0.0,-7.931403479786583,-550.0,1.0
0.0,-10.510842725159778,-550.0,2.0
0.0,-6.931679953327336,-550.0,3.0
0.0,-3.537990642197869,-550.0,1.0
0.0,-4.474064887655107,-550.0,2.0
0.0,-15.782973658649745,-550.0,3.0
0.0,-13.101482225384023,-550.0,1.0
0.0,-13.961154821291748,-550.0,2.0
0.0,-13.101482225384023,-550.0,3.0
0.0,-2.2068857911748054,-550.0,1.0
0.0,-9.29657952893394,-550.0,2.0
0.0,-11.771672828076948,-550.0,3.0
0.0,-2.4085588363457813,-550.0,1.0
0.0,-7.289155469308463,-550.0,2.0
0.0,-15.136238097826878,-550.0,3.0
0.0,-14.454760568321802,-550.0,1.0
0.0,-11.713519594684243,-550.0,2.0
0.0,-14.454760568321802,-550.0,3.0
0.0,-11.60497559335618,-550.0,1.0
0.0,-15.501502077730134,-550.0,2.0
0.0,-11.60497559335618,-550.0,3.0
0.0,-9.593300688404891,-550.0,1.0
0.0,-4.962488981598272,-550.0,2.0
0.0,-14.595625871288014,-550.0,3.0
0.0,-5.448260267699634,-550.0,1.0
0.0,-8.49033701547126,-550.0,2.0
0.0,-3.4598021636768657,-550.0,3.0
0.0,-3.6766273430396073,-550.0,1.0
0.0,-11.62175964266647,-550.0,2.0
0.0,-3.6766273430396073,-550.0,3.0
0.0,-3.436259217968619,-550.0,1.0
0.0,-13.542120113442031,-550.0,2.0
0.0,-13.283813092460607,-550.0,3.0
0.0,-15.644336957808006,-550.0,1.0
0.0,-3.6766273430396073,-550.0,2.0
0.0,-15.644336957808006,-550.0,3.0
0.0,-13.520871867265654,-550.0,1.0
0.0,-3.4598021636768657,-550.0,2.0
0.0,-13.520871867265654,-550.0,3.0
0.0,-14.58097727969503,-550.0,1.0
0.0,-14.610274462880998,-550.0,2.0
0.0,-2.872668671371242,-550.0,3.0
0.0,-9.891216270252524,-550.0,1.0
0.0,-6.229193704961892,-550.0,2.0
0.0,-6.095468137863756,-550.0,3.0
0.0,-5.113670437801531,-550.0,1.0
0.0,-10.084985403669123,-550.0,2.0
0.0,-5.113670437801531,-550.0,3.0
0.0,-5.3400651301734,-550.0,1.0
0.0,-14.36413520285821,-550.0,2.0
0.0,-9.238245808443526,-550.0,3.0
0.0,-14.246766127219956,-550.0,1.0
0.0,-5.431906626972387,-550.0,2.0
0.0,-9.29657952893394,-550.0,3.0
0.0,-12.671645927430161,-550.0,1.0
0.0,-13.531318523337886,-550.0,2.0
0.0,-14.311624760872737,-550.0,3.0
0.0,-7.634559506382223,-550.0,1.0
0.0,-14.660660560068267,-550.0,2.0
0.0,-12.83592257856686,-550.0,3.0
0.0,-8.830639561032804,-550.0,1.0
0.0,-9.678344895828024,-550.0,2.0
0.0,-6.072876699195442,-550.0,3.0
0.0,-4.660303740779346,-550.0,1.0
0.0,-14.660660560068267,-550.0,2.0
0.0,-4.660303740779346,-550.0,3.0
0.0,-14.916696028617094,-550.0,1.0
0.0,-13.70655349312838,-550.0,2.0
0.0,-12.751012285803034,-550.0,3.0
0.0,-2.526740191423663,-550.0,1.0
0.0,-8.33707306252111,-550.0,2.0
0.0,-2.526740191423663,-550.0,3.0
0.0,-8.443167030559788,-550.0,1.0
0.0,-9.597178591811113,-550.0,2.0
0.0,-13.639723019055603,-550.0,3.0
0.0,-5.331058188826107,-550.0,1.0
0.0,-3.0627884569168877,-550.0,2.0
0.0,-3.900103122189133,-550.0,3.0
0.0,-6.362919272060028,-550.0,1.0
0.0,-12.598926789738899,-550.0,2.0
0.0,-6.095468137863756,-550.0,3.0
0.0,-14.916727812021897,-550.0,1.0
0.0,-13.5573359377665,-550.0,2.0
0.0,-4.892429591978587,-550.0,3.0
0.0,-6.542866867897834,-550.0,1.0
0.0,-2.3651955634786663,-550.0,2.0
0.0,-11.535703548337777,-550.0,3.0
0.0,-12.555903318438098,-550.0,1.0
0.0,-2.7424836672679795,-550.0,2.0
0.0,-12.555903318438098,-550.0,3.0
0.0,-7.42749772132418,-550.0,1.0
0.0,-15.92043057368743,-550.0,2.0
0.0,-3.436259217968619,-550.0,3.0
0.0,-6.765060982409516,-550.0,1.0
0.0,-5.880928471965992,-550.0,2.0
0.0,-12.555903318438098,-550.0,3.0
0.0,-10.336566753566721,-550.0,1.0
0.0,-12.49778033462255,-550.0,2.0
0.0,-10.573626762053003,-550.0,3.0
0.0,-6.912190512585932,-550.0,1.0
0.0,-7.175718797247546,-550.0,2.0
0.0,-8.106670757930669,-550.0,3.0
0.0,-3.188546437283607,-550.0,1.0
0.0,-8.094221994051626,-550.0,2.0
0.0,-11.998697939615527,-550.0,3.0
0.0,-2.2254737916446423,-550.0,1.0
0.0,-3.900103122189133,-550.0,2.0
0.0,-15.242387106951757,-550.0,3.0
0.0,-5.5546341645666235,-550.0,1.0
0.0,-13.639723019055603,-550.0,2.0
0.0,-5.5546341645666235,-550.0,3.0
0.0,-6.989634384152998,-550.0,1.0
0.0,-8.54736214133361,-550.0,2.0
0.0,-2.85926626075009,-550.0,3.0
0.0,-14.662094700453727,-550.0,1.0
0.0,-15.792870877569568,-550.0,2.0
0.0,-12.751012285803034,-550.0,3.0
0.0,-4.287826034530868,-550.0,1.0
0.0,-6.541058360382554,-550.0,2.0
0.0,-4.660303740779346,-550.0,3.0
0.0,-11.648204100547966,-550.0,1.0
0.0,-9.6152667629996,-550.0,2.0
0.0,-11.80303580467502,-550.0,3.0
0.0,-14.660660560068267,-550.0,1.0
0.0,-10.80909239692432,-550.0,2.0
0.0,-4.660303740779346,-550.0,3.0
0.0,-10.262577950548895,-550.0,1.0
0.0,-5.80260427751813,-550.0,2.0
0.0,-3.137469141395149,-550.0,3.0
0.0,-14.235458021917129,-550.0,1.0
0.0,-2.85926626075009,-550.0,2.0
0.0,-14.235458021917129,-550.0,3.0
0.0,-15.039290329999858,-550.0,1.0
0.0,-9.725195827058451,-550.0,2.0
0.0,-10.309921000907757,-550.0,3.0
0.0,-5.851890418409152,-550.0,1.0
0.0,-5.772737662569266,-550.0,2.0
0.0,-7.333057080328979,-550.0,3.0
0.0,-5.446529038571345,-550.0,1.0
0.0,-7.011858371352439,-550.0,2.0
0.0,-14.129477033351966,-550.0,3.0
0.0,-5.717710267241195,-550.0,1.0
0.0,-8.106670757930669,-550.0,2.0
0.0,-5.717710267241195,-550.0,3.0
0.0,-10.09950674508044,-550.0,1.0
0.0,-8.663309941823103,-550.0,2.0
0.0,-11.535703548337777,-550.0,3.0
0.0,-2.2672345959683433,-550.0,1.0
0.0,-13.929929082978838,-550.0,2.0
0.0,-11.181877553897358,-550.0,3.0
0.0,-15.79427430803058,-550.0,1.0
0.0,-3.436259217968619,-550.0,2.0
0.0,-15.79427430803058,-550.0,3.0
0.0,-6.765060982409516,-550.0,1.0
0.0,-12.555903318438098,-550.0,2.0
0.0,-10.4021894091394,-550.0,3.0
0.0,-9.862446736594158,-550.0,1.0
0.0,-12.971900351595114,-550.0,2.0
0.0,-14.017317200546836,-550.0,3.0
0.0,-4.523230021896458,-550.0,1.0
0.0,-6.912190512585932,-550.0,2.0
0.0,-14.212415585434291,-550.0,3.0
0.0,-7.7945230377429855,-550.0,1.0
0.0,-12.21704774411665,-550.0,2.0
0.0,-12.566224028952758,-550.0,3.0
0.0,-12.071732514972167,-550.0,1.0
0.0,-5.490876875913642,-550.0,2.0
0.0,-3.2541073910941556,-550.0,3.0
0.0,-9.140470653209146,-550.0,1.0
0.0,-3.9168061035600825,-550.0,2.0
0.0,-10.309921000907757,-550.0,3.0
0.0,-9.307887634236767,-550.0,1.0
0.0,-14.235458021917129,-550.0,2.0
0.0,-14.43192179128706,-550.0,3.0
0.0,-9.950812302946547,-550.0,1.0
0.0,-5.4337327876645,-550.0,2.0
0.0,-3.5578148709035826,-550.0,3.0
0.0,-12.957119157057992,-550.0,1.0
0.0,-14.732360760218626,-550.0,2.0
0.0,-8.66106563679065,-550.0,3.0
0.0,-7.42749772132418,-550.0,1.0
0.0,-13.746859770726186,-550.0,2.0
0.0,-2.0291078575864105,-550.0,3.0
0.0,-10.659898664056964,-550.0,1.0
0.0,-8.66106563679065,-550.0,2.0
0.0,-10.659898664056964,-550.0,3.0
0.0,-5.791082969421645,-550.0,1.0
0.0,-12.419292058539273,-550.0,2.0
0.0,-5.859706942859994,-550.0,3.0
0.0,-3.2991564299549374,-550.0,1.0
0.0,-10.872128624916783,-550.0,2.0
0.0,-14.62838556065699,-550.0,3.0
0.0,-15.479578568309618,-550.0,1.0
0.0,-8.930207444787714,-550.0,2.0
0.0,-4.823632095527913,-550.0,3.0
0.0,-13.483780622683142,-550.0,1.0
0.0,-13.802107894064648,-550.0,2.0
0.0,-10.801966316221483,-550.0,3.0
0.0,-11.00297102455355,-550.0,1.0
0.0,-3.0228220465332125,-550.0,2.0
0.0,-12.566224028952758,-550.0,3.0
0.0,-3.7146732278567427,-550.0,1.0
0.0,-10.10970779731512,-550.0,2.0
0.0,-3.7146732278567427,-550.0,3.0
0.0,-15.062734049498559,-550.0,1.0
0.0,-12.971900351595114,-550.0,2.0
0.0,-15.062734049498559,-550.0,3.0
0.0,-8.248475499840701,-550.0,1.0
0.0,-3.6420079331156376,-550.0,2.0
0.0,-12.555903318438098,-550.0,3.0
0.0,-6.881067637422628,-550.0,1.0
0.0,-15.873373354833031,-550.0,2.0
0.0,-8.995533848487646,-550.0,3.0
0.0,-6.765060982409516,-550.0,1.0
0.0,-12.555903318438098,-550.0,2.0
0.0,-6.765060982409516,-550.0,3.0
0.0,-8.008673047176995,-550.0,1.0
0.0,-4.259410918551573,-550.0,2.0
0.0,-15.062734049498559,-550.0,3.0
0.0,-6.302327639480721,-550.0,1.0
0.0,-6.835372921684289,-550.0,2.0
0.0,-9.062371398116618,-550.0,3.0
0.0,-9.439718020154343,-550.0,1.0
0.0,-12.566224028952758,-550.0,2.0
0.0,-3.7556855080108154,-550.0,3.0
0.0,-7.0419287307126535,-550.0,1.0
0.0,-9.194636376669488,-550.0,2.0
0.0,-2.9292337874921586,-550.0,3.0
0.0,-5.730458087495743,-550.0,1.0
0.0,-14.62675955858899,-550.0,2.0
0.0,-4.823632095527913,-550.0,3.0
0.0,-14.824849330026922,-550.0,1.0
0.0,-7.115871689176576,-550.0,2.0
0.0,-14.62838556065699,-550.0,3.0
0.0,-5.597960959897936,-550.0,1.0
0.0,-8.167549936529344,-550.0,2.0
0.0,-5.101875964913354,-550.0,3.0
0.0,-10.958286129791677,-550.0,1.0
0.0,-10.659898664056964,-550.0,2.0
0.0,-10.958286129791677,-550.0,3.0
0.0,-15.961959839388882,-550.0,1.0
0.0,-2.0291078575864105,-550.0,2.0
0.0,-15.961959839388882,-550.0,3.0
0.0,-11.107479862659034,-550.0,1.0
0.0,-10.80909239692432,-550.0,2.0
0.0,-8.362678171055936,-550.0,3.0
0.0,-2.708635631044137,-550.0,1.0
0.0,-7.589138261591904,-550.0,2.0
0.0,-7.31178312394745,-550.0,3.0
0.0,-15.021313099396853,-550.0,1.0
0.0,-14.62838556065699,-550.0,2.0
0.0,-12.915357235641277,-550.0,3.0
0.0,-6.637284079463573,-550.0,1.0
0.0,-4.823632095527913,-550.0,2.0
0.0,-6.637284079463573,-550.0,3.0
0.0,-3.525992547097413,-550.0,1.0
0.0,-3.9891966372779386,-550.0,2.0
0.0,-4.745893705675478,-550.0,3.0
0.0,-6.864290115581257,-550.0,1.0
0.0,-13.558516849014552,-550.0,2.0
0.0,-11.849774498212577,-550.0,3.0
0.0,-4.762009627055246,-550.0,1.0
0.0,-9.062371398116618,-550.0,2.0
0.0,-3.529116924945221,-550.0,3.0
0.0,-12.769641660122616,-550.0,1.0
0.0,-2.7862492670945826,-550.0,2.0
0.0,-5.732572570008564,-550.0,3.0
0.0,-9.888114031703394,-550.0,1.0
0.0,-3.6420079331156376,-550.0,2.0
0.0,-14.039317835869284,-550.0,3.0
0.0,-3.52681301968623,-550.0,1.0
0.0,-2.9651447930850203,-550.0,2.0
0.0,-4.142509930710421,-550.0,3.0
0.0,-5.28164646497833,-550.0,1.0
0.0,-7.20875068441819,-550.0,2.0
0.0,-14.039317835869284,-550.0,3.0
0.0,-7.205734221465555,-550.0,1.0
0.0,-7.027683447803474,-550.0,2.0
0.0,-2.980900378179461,-550.0,3.0
0.0,-13.169962926778801,-550.0,1.0
0.0,-10.853981376363562,-550.0,2.0
0.0,-3.4949418510833468,-550.0,3.0
0.0,-6.997002920539895,-550.0,1.0
0.0,-10.156167550894525,-550.0,2.0
0.0,-13.315332181249154,-550.0,3.0
0.0,-13.389475933382172,-550.0,1.0
0.0,-3.2324995688803995,-550.0,2.0
0.0,-4.745893705675478,-550.0,3.0
0.0,-7.544110071431403,-550.0,1.0
0.0,-12.81310757465333,-550.0,2.0
0.0,-6.637284079463573,-550.0,3.0
0.0,-11.202328910625564,-550.0,1.0
0.0,-14.62838556065699,-550.0,2.0
0.0,-11.202328910625564,-550.0,3.0
0.0,-14.759830706994608,-550.0,1.0
0.0,-13.726790536419648,-550.0,2.0
0.0,-12.653276279262153,-550.0,3.0
0.0,-13.083348408996235,-550.0,1.0
0.0,-13.255506622792705,-550.0,2.0
0.0,-8.362678171055936,-550.0,3.0
0.0,-12.393289106138283,-550.0,1.0
0.0,-6.4601966282158365,-550.0,2.0
0.0,-9.698978733023633,-550.0,3.0
0.0,-10.958286129791677,-550.0,1.0
0.0,-11.107479862659034,-550.0,2.0
0.0,-8.362678171055936,-550.0,3.0
0.0,-14.800304793577142,-550.0,1.0
0.0,-15.894056094025904,-550.0,2.0
0.0,-13.70655349312838,-550.0,3.0
0.0,-12.077752017174225,-550.0,1.0
0.0,-2.8109473496453177,-550.0,2.0
0.0,-13.30206403866026,-550.0,3.0
0.0,-8.450936063399233,-550.0,1.0
0.0,-6.637284079463573,-550.0,2.0
0.0,-8.450936063399233,-550.0,3.0
0.0,-6.8252562435651125,-550.0,1.0
0.0,-5.303701339487464,-550.0,2.0
0.0,-10.367075637005176,-550.0,3.0
0.0,-4.892946040422435,-550.0,1.0
0.0,-3.4196570268794453,-550.0,2.0
0.0,-12.018809895286765,-550.0,3.0
0.0,-10.329439174088517,-550.0,1.0
0.0,-3.4949418510833468,-550.0,2.0
0.0,-10.329439174088517,-550.0,3.0
0.0,-11.430568064751649,-550.0,1.0
0.0,-2.980900378179461,-550.0,2.0
0.0,-9.415704923235614,-550.0,3.0
0.0,-11.457437389221045,-550.0,1.0
0.0,-9.831526369445855,-550.0,2.0
0.0,-2.9600639796153345,-550.0,3.0
0.0,-15.255447535336845,-550.0,1.0
0.0,-4.142509930710421,-550.0,2.0
0.0,-15.255447535336845,-550.0,3.0
0.0,-4.089700459820104,-550.0,1.0
0.0,-11.544982723703836,-550.0,2.0
0.0,-7.775981577143778,-550.0,3.0
0.0,-15.736347475985983,-550.0,1.0
0.0,-15.850509468291767,-550.0,2.0
0.0,-2.980900378179461,-550.0,3.0
0.0,-13.746687835591102,-550.0,1.0
0.0,-4.394109162232313,-550.0,2.0
0.0,-2.664124687658129,-550.0,3.0
0.0,-6.257999372983182,-550.0,1.0
0.0,-5.406438827774156,-550.0,2.0
0.0,-3.7696341946123884,-550.0,3.0
0.0,-7.553862717643801,-550.0,1.0
0.0,-5.014616006920489,-550.0,2.0
0.0,-2.963777267635388,-550.0,3.0
0.0,-10.99945559071767,-550.0,1.0
0.0,-8.450936063399233,-550.0,2.0
0.0,-10.99945559071767,-550.0,3.0
0.0,-12.528650432622294,-550.0,1.0
0.0,-10.232451535217667,-550.0,2.0
0.0,-13.30206403866026,-550.0,3.0
0.0,-12.612802192679618,-550.0,1.0
0.0,-14.800304793577142,-550.0,2.0
0.0,-12.612802192679618,-550.0,3.0
0.0,-13.852281554262131,-550.0,1.0
0.0,-8.362678171055936,-550.0,2.0
0.0,-13.852281554262131,-550.0,3.0
0.0,-3.1765965795445226,-550.0,1.0
0.0,-9.488280756860526,-550.0,2.0
0.0,-11.549063792396872,-550.0,3.0
0.0,-5.468682746585483,-550.0,1.0
0.0,-13.852281554262131,-550.0,2.0
0.0,-5.468682746585483,-550.0,3.0
0.0,-14.840778880159677,-550.0,1.0
0.0,-12.612802192679618,-550.0,2.0
0.0,-11.519050892230856,-550.0,3.0
0.0,-7.162839031775073,-550.0,1.0
0.0,-10.58988973492448,-550.0,2.0
0.0,-3.7357883286256666,-550.0,3.0
0.0,-4.088764552145136,-550.0,1.0
0.0,-10.99945559071767,-550.0,2.0
0.0,-4.088764552145136,-550.0,3.0
0.0,-2.25045498409623,-550.0,1.0
0.0,-3.394665556969679,-550.0,2.0
0.0,-6.264719782242935,-550.0,3.0
0.0,-14.638492589471547,-550.0,1.0
0.0,-9.401470225512327,-550.0,2.0
0.0,-14.626994568191455,-550.0,3.0
0.0,-9.264185315651977,-550.0,1.0
0.0,-15.368273503322781,-550.0,2.0
0.0,-12.125102167859422,-550.0,3.0
0.0,-6.903051233744399,-550.0,1.0
0.0,-4.390397544253185,-550.0,2.0
0.0,-4.020705110722563,-550.0,3.0
0.0,-5.7204367848417,-550.0,1.0
0.0,-7.4480837181624295,-550.0,2.0
0.0,-8.162373379060995,-550.0,3.0
0.0,-3.7211139783842064,-550.0,1.0
0.0,-2.491709816993561,-550.0,2.0
0.0,-15.255447535336845,-550.0,3.0
0.0,-11.158590921786619,-550.0,1.0
0.0,-11.017487027520177,-550.0,2.0
0.0,-8.162373379060995,-550.0,3.0
0.0,-4.760089977783807,-550.0,1.0
0.0,-4.020705110722563,-550.0,2.0
0.0,-4.760089977783807,-550.0,3.0
0.0,-3.2212788708592424,-550.0,1.0
0.0,-3.8369549790311996,-550.0,2.0
0.0,-3.2212788708592424,-550.0,3.0
0.0,-15.938656955133755,-550.0,1.0
0.0,-4.175945882833199,-550.0,2.0
0.0,-14.626994568191455,-550.0,3.0
0.0,-10.10556152082987,-550.0,1.0
0.0,-4.228986274431728,-550.0,2.0
0.0,-7.686222727317254,-550.0,3.0
0.0,-15.361627101971767,-550.0,1.0
0.0,-4.088764552145136,-550.0,2.0
0.0,-13.615857072753624,-550.0,3.0
0.0,-11.34034806192,-550.0,1.0
0.0,-12.448244588622334,-550.0,2.0
0.0,-14.698637563141464,-550.0,3.0
0.0,-11.498813848939589,-550.0,1.0
0.0,-10.425299591782094,-550.0,2.0
0.0,-12.612802192679618,-550.0,3.0
0.0,-13.301050977929563,-550.0,1.0
0.0,-8.913908747388504,-550.0,2.0
0.0,-13.301050977929563,-550.0,3.0
0.0,-7.037926381272921,-550.0,1.0
0.0,-11.93863513244813,-550.0,2.0
0.0,-14.465088435918451,-550.0,3.0
0.0,-6.01991332291805,-550.0,1.0
0.0,-13.301050977929563,-550.0,2.0
0.0,-15.494622093200093,-550.0,3.0
0.0,-13.70655349312838,-550.0,1.0
0.0,-10.38482550519956,-550.0,2.0
0.0,-12.612802192679618,-550.0,3.0
0.0,-10.197851614103204,-550.0,1.0
0.0,-14.698637563141464,-550.0,2.0
0.0,-10.197851614103204,-550.0,3.0
0.0,-5.677813290746462,-550.0,1.0
0.0,-2.4997158135438102,-550.0,2.0
0.0,-15.351243836176671,-550.0,3.0
0.0,-11.14345918020278,-550.0,1.0
0.0,-11.378870074911,-550.0,2.0
0.0,-4.228986274431728,-550.0,3.0
0.0,-8.502923686163104,-550.0,1.0
0.0,-13.515108773644117,-550.0,2.0
0.0,-15.071310166791982,-550.0,3.0
0.0,-10.571882763145668,-550.0,1.0
0.0,-2.4150588672610667,-550.0,2.0
0.0,-2.957703445460666,-550.0,3.0
0.0,-6.524282496230596,-550.0,1.0
0.0,-8.658167448208006,-550.0,2.0
0.0,-15.097695986265816,-550.0,3.0
0.0,-10.604309973280289,-550.0,1.0
0.0,-13.87260067597936,-550.0,2.0
0.0,-8.162373379060995,-550.0,3.0
0.0,-7.823630062574265,-550.0,1.0
0.0,-13.674729336500057,-550.0,2.0
0.0,-15.255447535336845,-550.0,3.0
0.0,-11.158590921786619,-550.0,1.0
0.0,-8.162373379060995,-550.0,2.0
0.0,-5.307259730601812,-550.0,3.0
0.0,-14.459044496545648,-550.0,1.0
0.0,-2.2186389101501973,-550.0,2.0
0.0,-15.097695986265816,-550.0,3.0
0.0,-6.042627034417283,-550.0,1.0
0.0,-5.096387297327695,-550.0,2.0
0.0,-3.1235090677489126,-550.0,3.0
0.0,-14.203963378450208,-550.0,1.0
0.0,-3.731630284232672,-550.0,2.0
0.0,-15.071310166791982,-550.0,3.0
0.0,-14.65495144940207,-550.0,1.0
0.0,-8.102788700419929,-550.0,2.0
0.0,-14.65495144940207,-550.0,3.0
0.0,-14.96656620396794,-550.0,1.0
0.0,-12.391179930012719,-550.0,2.0
0.0,-10.706628998515734,-550.0,3.0
0.0,-7.028708367250438,-550.0,1.0
0.0,-3.7657351674272608,-550.0,2.0
0.0,-3.7058414898240724,-550.0,3.0
0.0,-14.800304793577142,-550.0,1.0
0.0,-12.612802192679618,-550.0,2.0
0.0,-13.726790536419648,-550.0,3.0
0.0,-15.997791982578837,-550.0,1.0
0.0,-12.289258203606327,-550.0,2.0
0.0,-6.930193560416255,-550.0,3.0
0.0,-7.199607565411995,-550.0,1.0
0.0,-10.78308567596301,-550.0,2.0
0.0,-11.599368835474575,-550.0,3.0
0.0,-12.390770740431359,-550.0,1.0
0.0,-6.930193560416255,-550.0,2.0
0.0,-12.390770740431359,-550.0,3.0
0.0,-14.840778880159677,-550.0,1.0
0.0,-15.975004267190974,-550.0,2.0
0.0,-12.612802192679618,-550.0,3.0
0.0,-3.675894651022478,-550.0,1.0
0.0,-8.819822133736665,-550.0,2.0
0.0,-4.236213058884829,-550.0,3.0
0.0,-7.316767327394276,-550.0,1.0
0.0,-12.680889784905926,-550.0,2.0
0.0,-14.550824360601322,-550.0,3.0
0.0,-5.303192455037223,-550.0,1.0
0.0,-10.069252999597285,-550.0,2.0
0.0,-8.759635924283572,-550.0,3.0
0.0,-13.336616590108434,-550.0,1.0
0.0,-15.071310166791982,-550.0,2.0
0.0,-13.336616590108434,-550.0,3.0
0.0,-8.961745001085653,-550.0,1.0
0.0,-3.1235090677489126,-550.0,2.0
0.0,-8.961745001085653,-550.0,3.0
0.0,-13.82039300682548,-550.0,1.0
0.0,-15.097695986265816,-550.0,2.0
0.0,-13.82039300682548,-550.0,3.0
0.0,-2.4521460821426295,-550.0,1.0
0.0,-8.162373379060995,-550.0,2.0
0.0,-2.4521460821426295,-550.0,3.0
0.0,-7.943290135612305,-550.0,1.0
0.0,-15.255447535336845,-550.0,2.0
0.0,-7.943290135612305,-550.0,3.0
0.0,-14.016307192444316,-550.0,1.0
0.0,-14.526440209250175,-550.0,2.0
0.0,-4.794524091597438,-550.0,3.0
0.0,-3.495941889590533,-550.0,1.0
0.0,-13.82039300682548,-550.0,2.0
0.0,-3.495941889590533,-550.0,3.0
0.0,-14.751090183947005,-550.0,1.0
0.0,-11.899310332377192,-550.0,2.0
0.0,-6.783364444327283,-550.0,3.0
0.0,-12.46926980176666,-550.0,1.0
0.0,-5.466323860916219,-550.0,2.0
0.0,-13.336616590108434,-550.0,3.0
0.0,-7.450018848969858,-550.0,1.0
0.0,-10.069252999597285,-550.0,2.0
0.0,-7.450018848969858,-550.0,3.0
0.0,-10.859267240607092,-550.0,1.0
0.0,-12.812217430706907,-550.0,2.0
0.0,-7.966627408133871,-550.0,3.0
0.0,-3.1155762431601275,-550.0,1.0
0.0,-4.236213058884829,-550.0,2.0
0.0,-3.1155762431601275,-550.0,3.0
0.0,-11.498813848939589,-550.0,1.0
0.0,-7.589571825109411,-550.0,2.0
0.0,-10.737772538408706,-550.0,3.0
0.0,-8.289084974475376,-550.0,1.0
0.0,-11.294805959637863,-550.0,2.0
0.0,-6.141998042956004,-550.0,3.0
0.0,-4.287211435750034,-550.0,1.0
0.0,-11.599368835474575,-550.0,2.0
0.0,-4.287211435750034,-550.0,3.0
0.0,-8.941707219210315,-550.0,1.0
0.0,-13.17896625789161,-550.0,2.0
0.0,-2.8864212379289285,-550.0,3.0
0.0,-12.259855159470472,-550.0,1.0
0.0,-8.544706051749971,-550.0,2.0
0.0,-10.737772538408706,-550.0,3.0
0.0,-2.555257835297777,-550.0,1.0
0.0,-3.675894651022478,-550.0,2.0
0.0,-2.555257835297777,-550.0,3.0
0.0,-11.848637855526752,-550.0,1.0
0.0,-15.383076289980496,-550.0,2.0
0.0,-11.848637855526752,-550.0,3.0
0.0,-6.140401773656144,-550.0,1.0
0.0,-7.922426605664651,-550.0,2.0
0.0,-7.450018848969858,-550.0,3.0
0.0,-11.601923013424887,-550.0,1.0
0.0,-13.336616590108434,-550.0,2.0
0.0,-11.601923013424887,-550.0,3.0
0.0,-2.95063370198044,-550.0,1.0
0.0,-10.616095186674126,-550.0,2.0
0.0,-2.95063370198044,-550.0,3.0
0.0,-10.896329115660205,-550.0,1.0
0.0,-13.134490783112403,-550.0,2.0
0.0,-8.950789986724068,-550.0,3.0
0.0,-2.736700502218266,-550.0,1.0
0.0,-7.07781794813352,-550.0,2.0
0.0,-9.466584810293396,-550.0,3.0
0.0,-10.291545389470606,-550.0,1.0
0.0,-2.0507637283084925,-550.0,2.0
0.0,-6.523659143191576,-550.0,3.0
0.0,-9.854379490554217,-550.0,1.0
0.0,-9.466584810293396,-550.0,2.0
0.0,-9.854379490554217,-550.0,3.0
0.0,-3.4425354769024885,-550.0,1.0
0.0,-5.990514615128943,-550.0,2.0
0.0,-8.484418048352218,-550.0,3.0
0.0,-4.73027371892522,-550.0,1.0
0.0,-15.930815763518938,-550.0,2.0
0.0,-15.188365688108263,-550.0,3.0
0.0,-7.201017437599766,-550.0,1.0
0.0,-11.601923013424887,-550.0,2.0
0.0,-10.734576225083114,-550.0,3.0
0.0,-7.213814970622462,-550.0,1.0
0.0,-4.8307846983424305,-550.0,2.0
0.0,-7.450018848969858,-550.0,3.0
0.0,-10.08141863829988,-550.0,1.0
0.0,-13.615857072753624,-550.0,2.0
0.0,-5.444992223192095,-550.0,3.0
0.0,-8.908033761721082,-550.0,1.0
0.0,-5.367822934819831,-550.0,2.0
0.0,-13.03125716228433,-550.0,3.0
0.0,-6.3516395650912365,-550.0,1.0
0.0,-10.292211132276877,-550.0,2.0
0.0,-10.737772538408706,-550.0,3.0
0.0,-11.031948258461897,-550.0,1.0
0.0,-8.960379088406375,-550.0,2.0
0.0,-6.888809918350853,-550.0,3.0
0.0,-8.760106850633118,-550.0,1.0
0.0,-4.287211435750034,-550.0,2.0
0.0,-8.760106850633118,-550.0,3.0
0.0,-15.034336938883822,-550.0,1.0
0.0,-2.8864212379289285,-550.0,2.0
0.0,-10.360585212441238,-550.0,3.0
0.0,-9.84664972614505,-550.0,1.0
0.0,-10.737772538408706,-550.0,2.0
0.0,-9.84664972614505,-550.0,3.0
0.0,-10.74060579118336,-550.0,1.0
0.0,-8.178595558741124,-550.0,2.0
0.0,-2.5570503108985374,-550.0,3.0
0.0,-7.3568026321745705,-550.0,1.0
0.0,-12.21388945080533,-550.0,2.0
0.0,-10.466706949729836,-550.0,3.0
0.0,-6.977611092275065,-550.0,1.0
0.0,-7.450018848969858,-550.0,2.0
0.0,-6.977611092275065,-550.0,3.0
0.0,-9.86722943674134,-550.0,1.0
0.0,-11.601923013424887,-550.0,2.0
0.0,-13.802375801337448,-550.0,3.0
0.0,-14.445915612697588,-550.0,1.0
0.0,-15.930815763518938,-550.0,2.0
0.0,-14.445915612697588,-550.0,3.0
0.0,-3.834345313592033,-550.0,1.0
0.0,-6.575816223133371,-550.0,2.0
0.0,-9.317287132674709,-550.0,3.0
0.0,-5.545491154460212,-550.0,1.0
0.0,-4.2021723905695705,-550.0,2.0
0.0,-8.302323180562905,-550.0,3.0
0.0,-5.847710720971158,-550.0,1.0
0.0,-10.99655455807466,-550.0,2.0
0.0,-6.523659143191576,-550.0,3.0
0.0,-11.018641120284709,-550.0,1.0
0.0,-8.302323180562905,-550.0,2.0
0.0,-11.018641120284709,-550.0,3.0
0.0,-9.709096969364253,-550.0,1.0
0.0,-12.058758042216047,-550.0,2.0
0.0,-6.575816223133371,-550.0,3.0
0.0,-10.037005699165379,-550.0,1.0
0.0,-9.984806255101988,-550.0,2.0
0.0,-4.781246822095714,-550.0,3.0
0.0,-12.46926980176666,-550.0,1.0
0.0,-3.778308552855293,-550.0,2.0
0.0,-10.607619941487425,-550.0,3.0
0.0,-5.303192455037223,-550.0,1.0
0.0,-6.977611092275065,-550.0,2.0
0.0,-5.303192455037223,-550.0,3.0
0.0,-13.961071951880825,-550.0,1.0
0.0,-10.466706949729836,-550.0,2.0
0.0,-13.961071951880825,-550.0,3.0
0.0,-4.7579400167696,-550.0,1.0
0.0,-12.130049099889604,-550.0,2.0
0.0,-9.351162482477115,-550.0,3.0
0.0,-7.242762377354893,-550.0,1.0
0.0,-9.84664972614505,-550.0,2.0
0.0,-7.242762377354893,-550.0,3.0
0.0,-4.064892466972365,-550.0,1.0
0.0,-6.958410307984291,-550.0,2.0
0.0,-12.431806265151515,-550.0,3.0
0.0,-11.672502980295079,-550.0,1.0
0.0,-4.287211435750034,-550.0,2.0
0.0,-8.760106850633118,-550.0,3.0
0.0,-6.889158035696099,-550.0,1.0
0.0,-12.431806265151515,-550.0,2.0
0.0,-10.556040995802778,-550.0,3.0
0.0,-5.940818702959815,-550.0,1.0
0.0,-13.341659887198862,-550.0,2.0
0.0,-12.938155894996463,-550.0,3.0
0.0,-7.96171917377087,-550.0,1.0
0.0,-5.909501522066577,-550.0,2.0
0.0,-4.826144347573084,-550.0,3.0
0.0,-13.270642193626422,-550.0,1.0
0.0,-13.961071951880825,-550.0,2.0
0.0,-13.270642193626422,-550.0,3.0
0.0,-9.1244374862077,-550.0,1.0
0.0,-5.303192455037223,-550.0,2.0
0.0,-9.1244374862077,-550.0,3.0
0.0,-14.330919662045897,-550.0,1.0
0.0,-14.859463522754346,-550.0,2.0
0.0,-13.802375801337448,-550.0,3.0
0.0,-2.9739430933066355,-550.0,1.0
0.0,-6.588550550884792,-550.0,2.0
0.0,-2.9739430933066355,-550.0,3.0
0.0,-12.842377715595136,-550.0,1.0
0.0,-6.575816223133371,-550.0,2.0
0.0,-12.842377715595136,-550.0,3.0
0.0,-5.947976020131669,-550.0,1.0
0.0,-15.471548243355661,-550.0,2.0
0.0,-12.56106614153297,-550.0,3.0
0.0,-10.99655455807466,-550.0,1.0
0.0,-6.523659143191576,-550.0,2.0
0.0,-10.99655455807466,-550.0,3.0
0.0,-6.759898159314643,-550.0,1.0
0.0,-15.493336075480135,-550.0,2.0
0.0,-12.56106614153297,-550.0,3.0
0.0,-5.792196549754282,-550.0,1.0
0.0,-12.842377715595136,-550.0,2.0
0.0,-15.975658461826018,-550.0,3.0
0.0,-4.316270982543136,-550.0,1.0
0.0,-7.6054039331412255,-550.0,2.0
0.0,-10.878479779943614,-550.0,3.0
0.0,-10.506611136907026,-550.0,1.0
0.0,-13.273831940628998,-550.0,2.0
0.0,-14.330919662045897,-550.0,3.0
0.0,-3.1563660611045883,-550.0,1.0
0.0,-9.590345885889604,-550.0,2.0
0.0,-9.1244374862077,-550.0,3.0
0.0,-12.92542731449922,-550.0,1.0
0.0,-11.15713670798424,-550.0,2.0
0.0,-13.270642193626422,-550.0,3.0
0.0,-4.284465760326338,-550.0,1.0
0.0,-5.367822934819831,-550.0,2.0
0.0,-11.097293999968656,-550.0,3.0
0.0,-12.534651902794064,-550.0,1.0
0.0,-13.341659887198862,-550.0,2.0
0.0,-12.534651902794064,-550.0,3.0
0.0,-8.680275726454042,-550.0,1.0
0.0,-12.431806265151515,-550.0,2.0
0.0,-8.680275726454042,-550.0,3.0
0.0,-13.233002265516202,-550.0,1.0
0.0,-8.760106850633118,-550.0,2.0
0.0,-13.233002265516202,-550.0,3.0
0.0,-10.640688574393572,-550.0,1.0
0.0,-8.680275726454042,-550.0,2.0
0.0,-10.640688574393572,-550.0,3.0
0.0,-8.049770361759691,-550.0,1.0
0.0,-3.1613848285229196,-550.0,2.0
0.0,-12.534651902794064,-550.0,3.0
0.0,-14.232868826166442,-550.0,1.0
0.0,-7.64580764943665,-550.0,2.0
0.0,-3.0898382202030117,-550.0,3.0
0.0,-12.580212435372019,-550.0,1.0
0.0,-13.270642193626422,-550.0,2.0
0.0,-14.327394936447513,-550.0,3.0
0.0,-10.056254285571509,-550.0,1.0
0.0,-13.972106797486873,-550.0,2.0
0.0,-6.140401773656144,-550.0,3.0
0.0,-6.682302611768154,-550.0,1.0
0.0,-14.330919662045897,-550.0,2.0
0.0,-6.682302611768154,-550.0,3.0
0.0,-2.465552755671542,-550.0,1.0
0.0,-2.5160466440820173,-550.0,2.0
0.0,-7.096940888519885,-550.0,3.0
0.0,-12.897016811128386,-550.0,1.0
0.0,-12.606726797230937,-550.0,2.0
0.0,-15.896166461787166,-550.0,3.0
0.0,-5.51317011182139,-550.0,1.0
0.0,-15.190428324134887,-550.0,2.0
0.0,-15.796243826825384,-550.0,3.0
0.0,-15.469449972957744,-550.0,1.0
0.0,-10.99655455807466,-550.0,2.0
0.0,-15.469449972957744,-550.0,3.0
0.0,-3.5247204740222298,-550.0,1.0
0.0,-15.796243826825384,-550.0,2.0
0.0,-3.5247204740222298,-550.0,3.0
0.0,-13.912036031410565,-550.0,1.0
0.0,-4.713919449912407,-550.0,2.0
0.0,-8.664409650791459,-550.0,3.0
0.0,-14.445490205217695,-550.0,1.0
0.0,-9.086593200372288,-550.0,2.0
0.0,-4.272687875370368,-550.0,3.0
0.0,-10.63748778363869,-550.0,1.0
0.0,-10.768364430370355,-550.0,2.0
0.0,-4.780393639228892,-550.0,3.0
0.0,-2.22454926174078,-550.0,1.0
0.0,-10.056254285571509,-550.0,2.0
0.0,-2.22454926174078,-550.0,3.0
0.0,-15.384147679268604,-550.0,1.0
0.0,-13.270642193626422,-550.0,2.0
0.0,-15.384147679268604,-550.0,3.0
0.0,-12.422308805731827,-550.0,1.0
0.0,-15.05788368397009,-550.0,2.0
0.0,-13.407853968362794,-550.0,3.0
0.0,-6.814969733606453,-550.0,1.0
0.0,-3.3377283349360294,-550.0,2.0
0.0,-3.059007311203164,-550.0,3.0
0.0,-10.471393417211985,-550.0,1.0
0.0,-10.640688574393572,-550.0,2.0
0.0,-10.471393417211985,-550.0,3.0
0.0,-3.2001626878735028,-550.0,1.0
0.0,-2.616899332985154,-550.0,2.0
0.0,-6.114006959056983,-550.0,3.0
0.0,-8.849570883635629,-550.0,1.0
0.0,-7.143100771468479,-550.0,2.0
0.0,-10.471393417211985,-550.0,3.0
0.0,-3.616449358668895,-550.0,1.0
0.0,-3.059007311203164,-550.0,2.0
0.0,-2.9566297938834083,-550.0,3.0
0.0,-11.43676364310086,-550.0,1.0
0.0,-13.407853968362794,-550.0,2.0
0.0,-11.43676364310086,-550.0,3.0
0.0,-10.466706949729836,-550.0,1.0
0.0,-15.384147679268604,-550.0,2.0
0.0,-10.466706949729836,-550.0,3.0
0.0,-5.220125485673954,-550.0,1.0
0.0,-4.299849197691763,-550.0,2.0
0.0,-13.960566286105255,-550.0,3.0
0.0,-5.424184417290238,-550.0,1.0
0.0,-8.196645632151293,-550.0,2.0
0.0,-2.6517232024291832,-550.0,3.0
0.0,-6.029329106658718,-550.0,1.0
0.0,-13.900498525374209,-550.0,2.0
0.0,-13.865487641269306,-550.0,3.0
0.0,-12.614899851670511,-550.0,1.0
0.0,-4.713919449912407,-550.0,2.0
0.0,-12.614899851670511,-550.0,3.0
0.0,-4.802610890361013,-550.0,1.0
0.0,-9.62294768414,-550.0,2.0
0.0,-12.318447366638406,-550.0,3.0
0.0,-13.058945916272851,-550.0,1.0
0.0,-2.7369869177403388,-550.0,2.0
0.0,-7.4208322120631465,-550.0,3.0
0.0,-9.143558657796676,-550.0,1.0
0.0,-7.002516934209208,-550.0,2.0
0.0,-12.318447366638406,-550.0,3.0
0.0,-2.260747470949262,-550.0,1.0
0.0,-9.134446159777276,-550.0,2.0
0.0,-9.098398935156425,-550.0,3.0
0.0,-13.830476757164403,-550.0,1.0
0.0,-13.900498525374209,-550.0,2.0
0.0,-13.830476757164403,-550.0,3.0
0.0,-10.841705329964832,-550.0,1.0
0.0,-11.551930005068446,-550.0,2.0
0.0,-12.335495579766537,-550.0,3.0
0.0,-6.325356208503473,-550.0,1.0
0.0,-9.288462131009048,-550.0,2.0
0.0,-7.33634590602626,-550.0,3.0
0.0,-4.932892215759029,-550.0,1.0
0.0,-14.318259801691656,-550.0,2.0
0.0,-10.68429671540795,-550.0,3.0
0.0,-4.186279809608397,-550.0,1.0
0.0,-4.600437219099909,-550.0,2.0
0.0,-6.201740374887297,-550.0,3.0
0.0,-2.8542522765636527,-550.0,1.0
0.0,-3.059007311203164,-550.0,2.0
0.0,-2.7802862874702985,-550.0,3.0
0.0,-3.814808125724973,-550.0,1.0
0.0,-3.4274438608803752,-550.0,2.0
0.0,-4.2021723905695705,-550.0,3.0
0.0,-9.491027000373627,-550.0,1.0
0.0,-2.7369869177403388,-550.0,2.0
0.0,-8.72765746506931,-550.0,3.0
0.0,-15.50615617512264,-550.0,1.0
0.0,-3.814808125724973,-550.0,2.0
0.0,-15.50615617512264,-550.0,3.0
0.0,-3.1613848285229196,-550.0,1.0
0.0,-2.501565263737433,-550.0,2.0
0.0,-3.059007311203164,-550.0,3.0
0.0,-12.70235406440069,-550.0,1.0
0.0,-7.803043530674685,-550.0,2.0
0.0,-4.600437219099909,-550.0,3.0
0.0,-12.55907111368754,-550.0,1.0
0.0,-10.790747290927568,-550.0,2.0
0.0,-12.570018817962264,-550.0,3.0
0.0,-5.314366510980687,-550.0,1.0
0.0,-6.32888382426961,-550.0,2.0
0.0,-7.33634590602626,-550.0,3.0
0.0,-13.119061154464628,-550.0,1.0
0.0,-11.551930005068446,-550.0,2.0
0.0,-13.119061154464628,-550.0,3.0
0.0,-4.342709643580173,-550.0,1.0
0.0,-13.830476757164403,-550.0,2.0
0.0,-4.342709643580173,-550.0,3.0
0.0,-9.170493384398128,-550.0,1.0
0.0,-9.098398935156425,-550.0,2.0
0.0,-9.170493384398128,-550.0,3.0
0.0,-5.968669948954947,-550.0,1.0
0.0,-12.318447366638406,-550.0,2.0
0.0,-5.968669948954947,-550.0,3.0
0.0,-12.104677506385954,-550.0,1.0
0.0,-10.034482718075473,-550.0,2.0
0.0,-7.4208322120631465,-550.0,3.0
0.0,-13.352294351892667,-550.0,1.0
0.0,-8.051933753492136,-550.0,2.0
0.0,-5.968669948954947,-550.0,3.0
0.0,-4.920702859781105,-550.0,1.0
0.0,-8.612486197298725,-550.0,2.0
0.0,-15.656548257373226,-550.0,3.0
0.0,-11.271576197481671,-550.0,1.0
0.0,-15.19096240547537,-550.0,2.0
0.0,-11.612720890281219,-550.0,3.0
0.0,-9.16516242981765,-550.0,1.0
0.0,-5.994829279868764,-550.0,2.0
0.0,-12.335495579766537,-550.0,3.0
0.0,-5.32142174251296,-550.0,1.0
0.0,-7.33634590602626,-550.0,2.0
0.0,-8.347335603549046,-550.0,3.0
0.0,-10.821777834232872,-550.0,1.0
0.0,-9.011475763892872,-550.0,2.0
0.0,-12.570018817962264,-550.0,3.0
0.0,-15.819677498536743,-550.0,1.0
0.0,-9.585030630264638,-550.0,2.0
0.0,-15.819677498536743,-550.0,3.0
0.0,-3.263762345842675,-550.0,1.0
0.0,-3.747238404215052,-550.0,2.0
0.0,-3.059007311203164,-550.0,3.0
0.0,-2.5501854604860554,-550.0,1.0
0.0,-11.736016082450902,-550.0,2.0
0.0,-3.987474635967139,-550.0,3.0
0.0,-6.114006959056983,-550.0,1.0
0.0,-8.72765746506931,-550.0,2.0
0.0,-5.350637423752666,-550.0,3.0
0.0,-7.584948218396711,-550.0,1.0
0.0,-11.736016082450902,-550.0,2.0
0.0,-7.584948218396711,-550.0,3.0
0.0,-4.43546949722694,-550.0,1.0
0.0,-3.059007311203164,-550.0,2.0
0.0,-2.9566297938834083,-550.0,3.0
0.0,-7.966357669966872,-550.0,1.0
0.0,-4.437123079807723,-550.0,2.0
0.0,-7.966357669966872,-550.0,3.0
0.0,-9.07353685050348,-550.0,1.0
0.0,-12.570018817962264,-550.0,2.0
0.0,-9.07353685050348,-550.0,3.0
0.0,-9.358325301071833,-550.0,1.0
0.0,-7.33634590602626,-550.0,2.0
0.0,-9.358325301071833,-550.0,3.0
0.0,-15.505828729715423,-550.0,1.0
0.0,-11.027607951706095,-550.0,2.0
0.0,-9.16516242981765,-550.0,3.0
0.0,-10.983716781784075,-550.0,1.0
0.0,-8.101945922298844,-550.0,2.0
0.0,-15.791598177469218,-550.0,3.0
0.0,-2.612344062181327,-550.0,1.0
0.0,-15.656548257373226,-550.0,2.0
0.0,-2.612344062181327,-550.0,3.0
0.0,-10.135197558029326,-550.0,1.0
0.0,-3.589241119566335,-550.0,2.0
0.0,-5.968669948954947,-550.0,3.0
0.0,-10.034482718075473,-550.0,1.0
0.0,-14.718328012398281,-550.0,2.0
0.0,-7.4208322120631465,-550.0,3.0
0.0,-13.352294351892667,-550.0,1.0
0.0,-5.968669948954947,-550.0,2.0
0.0,-13.352294351892667,-550.0,3.0
0.0,-3.470682068773211,-550.0,1.0
0.0,-3.6592690194842987,-550.0,2.0
0.0,-7.8949902543013195,-550.0,3.0
0.0,-8.69628615402028,-550.0,1.0
0.0,-7.5076056905774085,-550.0,2.0
0.0,-3.266093119473764,-550.0,3.0
0.0,-12.89005347359454,-550.0,1.0
0.0,-9.16516242981765,-550.0,2.0
0.0,-12.89005347359454,-550.0,3.0
0.0,-3.2994423474673873,-550.0,1.0
0.0,-9.358325301071833,-550.0,2.0
0.0,-3.2994423474673873,-550.0,3.0
0.0,-12.507957731351656,-550.0,1.0
0.0,-9.07353685050348,-550.0,2.0
0.0,-7.325295866774088,-550.0,3.0
0.0,-7.2759483655674515,-550.0,1.0
0.0,-15.451308547777487,-550.0,2.0
0.0,-9.953399581023895,-550.0,3.0
0.0,-2.8542522765636527,-550.0,1.0
0.0,-3.059007311203164,-550.0,2.0
0.0,-2.8542522765636527,-550.0,3.0
0.0,-6.701253324540247,-550.0,1.0
0.0,-7.584948218396711,-550.0,2.0
0.0,-6.701253324540247,-550.0,3.0
0.0,-6.114006959056983,-550.0,1.0
0.0,-14.01551276510627,-550.0,2.0
0.0,-8.72765746506931,-550.0,3.0
0.0,-6.259405877612014,-550.0,1.0
0.0,-7.143100771468479,-550.0,2.0
0.0,-12.619710976307367,-550.0,3.0
0.0,-2.751874759243897,-550.0,1.0
0.0,-4.640224531866451,-550.0,2.0
0.0,-2.8542522765636527,-550.0,3.0
0.0,-2.4500811687506996,-550.0,1.0
0.0,-9.953399581023895,-550.0,2.0
0.0,-2.4500811687506996,-550.0,3.0
0.0,-7.356326410079392,-550.0,1.0
0.0,-10.790747290927568,-550.0,2.0
0.0,-5.5770548830446955,-550.0,3.0
0.0,-13.395228859630706,-550.0,1.0
0.0,-3.2994423474673873,-550.0,2.0
0.0,-15.802525935160297,-550.0,3.0
0.0,-11.780937685938534,-550.0,1.0
0.0,-12.534267420170973,-550.0,2.0
0.0,-12.89005347359454,-550.0,3.0
0.0,-12.771027601204796,-550.0,1.0
0.0,-15.176411029299553,-550.0,2.0
0.0,-2.6085977460301812,-550.0,3.0
0.0,-9.544582365143214,-550.0,1.0
0.0,-12.13071148911834,-550.0,2.0
0.0,-3.6592690194842987,-550.0,3.0
0.0,-2.751573155091606,-550.0,1.0
0.0,-13.352294351892667,-550.0,2.0
0.0,-2.751573155091606,-550.0,3.0
0.0,-10.034482718075473,-550.0,1.0
0.0,-7.4208322120631465,-550.0,2.0
0.0,-10.034482718075473,-550.0,3.0
0.0,-12.706704837335078,-550.0,1.0
0.0,-6.614259463512536,-550.0,2.0
0.0,-5.176585173532935,-550.0,3.0
0.0,-15.429895710802128,-550.0,1.0
0.0,-3.6592690194842987,-550.0,2.0
0.0,-2.477272073129333,-550.0,3.0
0.0,-13.595294098567507,-550.0,1.0
0.0,-14.07887833082985,-550.0,2.0
0.0,-2.6085977460301812,-550.0,3.0
0.0,-13.444611367422542,-550.0,1.0
0.0,-12.178481366747407,-550.0,2.0
0.0,-12.89005347359454,-550.0,3.0
0.0,-14.565932801941656,-550.0,1.0
0.0,-13.38333669953116,-550.0,2.0
0.0,-7.828598653865075,-550.0,3.0
0.0,-15.11006633547358,-550.0,1.0
0.0,-6.4714282463815564,-550.0,2.0
0.0,-5.617560625989025,-550.0,3.0
0.0,-6.964404544724969,-550.0,1.0
0.0,-12.751287879622955,-550.0,2.0
0.0,-12.653420249178426,-550.0,3.0
0.0,-11.63273268333617,-550.0,1.0
0.0,-4.7363244567773926,-550.0,2.0
0.0,-2.6494972419241414,-550.0,3.0
0.0,-5.930141304473777,-550.0,1.0
0.0,-12.95507947088539,-550.0,2.0
0.0,-8.65041145123943,-550.0,3.0
0.0,-11.341307971081637,-550.0,1.0
0.0,-8.72765746506931,-550.0,2.0
0.0,-11.341307971081637,-550.0,3.0
0.0,-10.670552849608184,-550.0,1.0
0.0,-8.65041145123943,-550.0,2.0
0.0,-10.157722131010381,-550.0,3.0
0.0,-6.823151671630644,-550.0,1.0
0.0,-2.6494972419241414,-550.0,2.0
0.0,-6.823151671630644,-550.0,3.0
0.0,-10.310901154308947,-550.0,1.0
0.0,-2.092579595465647,-550.0,2.0
0.0,-4.2815594418947605,-550.0,3.0
0.0,-2.152109201835545,-550.0,1.0
0.0,-4.763693005596494,-550.0,2.0
0.0,-6.4714282463815564,-550.0,3.0
0.0,-8.866072553233018,-550.0,1.0
0.0,-15.432200277272399,-550.0,2.0
0.0,-7.828598653865075,-550.0,3.0
0.0,-13.245839527018106,-550.0,1.0
0.0,-13.999169261250545,-550.0,2.0
0.0,-14.752498995482984,-550.0,3.0
0.0,-3.904397826044695,-550.0,1.0
0.0,-13.88350126025698,-550.0,2.0
0.0,-14.274255401402721,-550.0,3.0
0.0,-12.42369942923531,-550.0,1.0
0.0,-7.771111548107543,-550.0,2.0
0.0,-3.118523666979776,-550.0,3.0
0.0,-2.578322932923683,-550.0,1.0
0.0,-3.7389108835533342,-550.0,2.0
0.0,-4.899498834182985,-550.0,3.0
0.0,-12.6481332240878,-550.0,1.0
0.0,-10.034482718075473,-550.0,2.0
0.0,-6.053452671044678,-550.0,3.0
0.0,-15.58205341729428,-550.0,1.0
0.0,-3.7389108835533342,-550.0,2.0
0.0,-15.58205341729428,-550.0,3.0
0.0,-13.064951023085753,-550.0,1.0
0.0,-10.994119472374685,-550.0,2.0
0.0,-8.923287921663617,-550.0,3.0
0.0,-4.058864849703387,-550.0,1.0
0.0,-3.749930802386004,-550.0,2.0
0.0,-4.058864849703387,-550.0,3.0
0.0,-14.553727155078548,-550.0,1.0
0.0,-15.505828729715423,-550.0,2.0
0.0,-13.999169261250545,-550.0,3.0
0.0,-11.475619504679916,-550.0,1.0
0.0,-14.603903405810785,-550.0,2.0
0.0,-12.678897846892323,-550.0,3.0
0.0,-3.295965530034353,-550.0,1.0
0.0,-3.5916700681083817,-550.0,2.0
0.0,-10.400872307373188,-550.0,3.0
0.0,-6.470539288323874,-550.0,1.0
0.0,-2.092579595465647,-550.0,2.0
0.0,-6.470539288323874,-550.0,3.0
0.0,-3.054515638483437,-550.0,1.0
0.0,-2.449233880004357,-550.0,2.0
0.0,-7.104623159037571,-550.0,3.0
0.0,-12.401324068295875,-550.0,1.0
0.0,-11.665032810781332,-550.0,2.0
0.0,-8.65041145123943,-550.0,3.0
0.0,-8.72765746506931,-550.0,1.0
0.0,-11.341307971081637,-550.0,2.0
0.0,-8.72765746506931,-550.0,3.0
0.0,-10.670552849608184,-550.0,1.0
0.0,-8.65041145123943,-550.0,2.0
0.0,-10.670552849608184,-550.0,3.0
0.0,-11.760012438070785,-550.0,1.0
0.0,-2.449233880004357,-550.0,2.0
0.0,-11.760012438070785,-550.0,3.0
0.0,-5.932941461450721,-550.0,1.0
0.0,-7.584323481006681,-550.0,2.0
0.0,-6.470539288323874,-550.0,3.0
0.0,-6.401776821985715,-550.0,1.0
0.0,-14.39996779276066,-550.0,2.0
0.0,-6.925215376522653,-550.0,3.0
0.0,-9.925595416512246,-550.0,1.0
0.0,-5.297567779401877,-550.0,2.0
0.0,-8.916187777375475,-550.0,3.0
0.0,-15.10828504890655,-550.0,1.0
0.0,-15.464071102330117,-550.0,2.0
0.0,-13.999169261250545,-550.0,3.0
0.0,-2.531726844224707,-550.0,1.0
0.0,-13.635310891149283,-550.0,2.0
0.0,-14.522445770510418,-550.0,3.0
0.0,-6.852456370952549,-550.0,1.0
0.0,-10.994119472374685,-550.0,2.0
0.0,-11.992389962086548,-550.0,3.0
0.0,-5.438651869911888,-550.0,1.0
0.0,-7.71358243779194,-550.0,2.0
0.0,-2.6395879092739296,-550.0,3.0
0.0,-14.01551276510627,-550.0,1.0
0.0,-7.4208322120631465,-550.0,2.0
0.0,-10.034482718075473,-550.0,3.0
0.0,-7.143429596889364,-550.0,1.0
0.0,-9.110274020245793,-550.0,2.0
0.0,-12.17753470395825,-550.0,3.0
0.0,-12.990660451798412,-550.0,1.0
0.0,-10.994119472374685,-550.0,2.0
0.0,-12.990660451798412,-550.0,3.0
0.0,-13.735691203326976,-550.0,1.0
0.0,-2.5048387125271105,-550.0,2.0
0.0,-9.905732814521535,-550.0,3.0
0.0,-12.395231765917778,-550.0,1.0
0.0,-9.673671960566178,-550.0,2.0
0.0,-4.793616766053809,-550.0,3.0
0.0,-10.935003055649018,-550.0,1.0
0.0,-8.916187777375475,-550.0,2.0
0.0,-10.935003055649018,-550.0,3.0
0.0,-8.311804251503093,-550.0,1.0
0.0,-5.538626501542213,-550.0,2.0
0.0,-3.92008095907277,-550.0,3.0
0.0,-8.698107673689488,-550.0,1.0
0.0,-6.470539288323874,-550.0,2.0
0.0,-6.73933820176045,-550.0,3.0
0.0,-6.63350287171664,-550.0,1.0
0.0,-6.638241479007462,-550.0,2.0
0.0,-9.466241988701142,-550.0,3.0
0.0,-15.902453829304479,-550.0,1.0
0.0,-9.644891412412578,-550.0,2.0
0.0,-3.3873289955206776,-550.0,3.0
0.0,-11.341307971081637,-550.0,1.0
0.0,-8.72765746506931,-550.0,2.0
0.0,-11.341307971081637,-550.0,3.0
0.0,-9.676072888435035,-550.0,1.0
0.0,-9.644891412412578,-550.0,2.0
0.0,-9.676072888435035,-550.0,3.0
0.0,-3.800763754732138,-550.0,1.0
0.0,-9.466241988701142,-550.0,2.0
0.0,-3.800763754732138,-550.0,3.0
0.0,-5.356755095641066,-550.0,1.0
0.0,-7.008137115197027,-550.0,2.0
0.0,-6.470539288323874,-550.0,3.0
0.0,-4.152037626561773,-550.0,1.0
0.0,-6.925215376522653,-550.0,2.0
0.0,-2.3015354166033273,-550.0,3.0
0.0,-5.835166205853554,-550.0,1.0
0.0,-9.45745454100319,-550.0,2.0
0.0,-13.835316370162198,-550.0,3.0
0.0,-4.397820709449942,-550.0,1.0
0.0,-5.189412822657676,-550.0,2.0
0.0,-4.397820709449942,-550.0,3.0
0.0,-6.546310474870671,-550.0,1.0
0.0,-9.188223123696647,-550.0,2.0
0.0,-13.2651551541724,-550.0,3.0
0.0,-13.988930941510276,-550.0,1.0
0.0,-4.855915391528821,-550.0,2.0
0.0,-12.990660451798412,-550.0,3.0
0.0,-6.0430133365333365,-550.0,1.0
0.0,-12.17753470395825,-550.0,2.0
0.0,-6.0430133365333365,-550.0,3.0
0.0,-6.053452671044678,-550.0,1.0
0.0,-12.6481332240878,-550.0,2.0
0.0,-10.034482718075473,-550.0,3.0
0.0,-13.277950964314277,-550.0,1.0
0.0,-6.0430133365333365,-550.0,2.0
0.0,-13.277950964314277,-550.0,3.0
0.0,-14.98720143122214,-550.0,1.0
0.0,-12.339580023408981,-550.0,2.0
0.0,-5.3604580972147655,-550.0,3.0
0.0,-5.111291093220894,-550.0,1.0
0.0,-13.2651551541724,-550.0,2.0
0.0,-5.111291093220894,-550.0,3.0
0.0,-4.093267138788642,-550.0,1.0
0.0,-3.9611480910114434,-550.0,2.0
0.0,-11.254734797494564,-550.0,3.0
0.0,-5.07959271184418,-550.0,1.0
0.0,-13.835316370162198,-550.0,2.0
0.0,-5.07959271184418,-550.0,3.0
0.0,-11.525723894461336,-550.0,1.0
0.0,-11.548895336441978,-550.0,2.0
0.0,-11.57206677842262,-550.0,3.0
0.0,-4.242970902958259,-550.0,1.0
0.0,-10.74088107234748,-550.0,2.0
0.0,-14.287271771953195,-550.0,3.0
0.0,-4.635723426745937,-550.0,1.0
0.0,-15.408656320356888,-550.0,2.0
0.0,-10.759406177489453,-550.0,3.0
0.0,-10.639371373585726,-550.0,1.0
0.0,-13.035484019046539,-550.0,2.0
0.0,-8.243258728124914,-550.0,3.0
0.0,-10.414069544388859,-550.0,1.0
0.0,-8.72765746506931,-550.0,2.0
0.0,-11.341307971081637,-550.0,3.0
0.0,-11.121020616161072,-550.0,1.0
0.0,-8.681592927261887,-550.0,2.0
0.0,-10.639371373585726,-550.0,3.0
0.0,-6.110156034622017,-550.0,1.0
0.0,-15.408656320356888,-550.0,2.0
0.0,-12.244743563773666,-550.0,3.0
0.0,-9.818814025727198,-550.0,1.0
0.0,-4.9014550528459715,-550.0,2.0
0.0,-14.675371135965948,-550.0,3.0
0.0,-11.595238220403262,-550.0,1.0
0.0,-11.548895336441978,-550.0,2.0
0.0,-11.595238220403262,-550.0,3.0
0.0,-14.16184302590601,-550.0,1.0
0.0,-12.001625421100883,-550.0,2.0
0.0,-15.045963785715559,-550.0,3.0
0.0,-6.782591086836689,-550.0,1.0
0.0,-2.804642445270929,-550.0,2.0
0.0,-6.782591086836689,-550.0,3.0
0.0,-14.700174535822176,-550.0,1.0
0.0,-5.111291093220894,-550.0,2.0
0.0,-14.700174535822176,-550.0,3.0
0.0,-15.630092348136916,-550.0,1.0
0.0,-11.292540247036003,-550.0,2.0
0.0,-8.59614955256173,-550.0,3.0
0.0,-4.942597076177309,-550.0,1.0
0.0,-13.277950964314277,-550.0,2.0
0.0,-4.393018135177764,-550.0,3.0
0.0,-12.6481332240878,-550.0,1.0
0.0,-10.034482718075473,-550.0,2.0
0.0,-12.6481332240878,-550.0,3.0
0.0,-6.0430133365333365,-550.0,1.0
0.0,-2.97575265282088,-550.0,2.0
0.0,-13.277950964314277,-550.0,3.0
0.0,-5.899758858087457,-550.0,1.0
0.0,-11.292540247036003,-550.0,2.0
0.0,-5.899758858087457,-550.0,3.0
0.0,-3.6762717115711165,-550.0,1.0
0.0,-14.700174535822176,-550.0,2.0
0.0,-3.7838594267754058,-550.0,3.0
0.0,-13.686526708934021,-550.0,1.0
0.0,-4.882677915766346,-550.0,2.0
0.0,-6.780965446999263,-550.0,3.0
0.0,-15.488024165620333,-550.0,1.0
0.0,-14.603903405810785,-550.0,2.0
0.0,-8.957287056486207,-550.0,3.0
0.0,-2.2551925326420434,-550.0,1.0
0.0,-11.595238220403262,-550.0,2.0
0.0,-2.2551925326420434,-550.0,3.0
0.0,-14.826544960237223,-550.0,1.0
0.0,-14.719904035454435,-550.0,2.0
0.0,-15.152536298955676,-550.0,3.0
0.0,-9.080830807190443,-550.0,1.0
0.0,-15.408656320356888,-550.0,2.0
0.0,-9.080830807190443,-550.0,3.0
0.0,-11.602669858736418,-550.0,1.0
0.0,-12.790159866277845,-550.0,2.0
0.0,-10.41517985119499,-550.0,3.0
0.0,-13.954958477093964,-550.0,1.0
0.0,-11.341307971081637,-550.0,2.0
0.0,-13.954958477093964,-550.0,3.0
0.0,-12.084319101311763,-550.0,1.0
0.0,-11.121020616161072,-550.0,2.0
0.0,-7.718294442111196,-550.0,3.0
0.0,-5.9169180506072205,-550.0,1.0
0.0,-12.437981547788462,-550.0,2.0
0.0,-9.080830807190443,-550.0,3.0
0.0,-15.585168562456916,-550.0,1.0
0.0,-14.719904035454435,-550.0,2.0
0.0,-15.585168562456916,-550.0,3.0
0.0,-15.896998984529946,-550.0,1.0
0.0,-7.247134572315295,-550.0,2.0
0.0,-15.896998984529946,-550.0,3.0
0.0,-12.675375849737488,-550.0,1.0
0.0,-13.349126278374094,-550.0,2.0
0.0,-9.231321220394054,-550.0,3.0
0.0,-15.028356667531613,-550.0,1.0
0.0,-2.8062680851083552,-550.0,2.0
0.0,-6.780965446999263,-550.0,3.0
0.0,-2.844463845386935,-550.0,1.0
0.0,-4.723255008163877,-550.0,2.0
0.0,-2.844463845386935,-550.0,3.0
0.0,-4.821157336342074,-550.0,1.0
0.0,-5.899758858087457,-550.0,2.0
0.0,-4.821157336342074,-550.0,3.0
0.0,-14.993596151732309,-550.0,1.0
0.0,-15.79892884486626,-550.0,2.0
0.0,-13.934752117559682,-550.0,3.0
0.0,-14.882196903786742,-550.0,1.0
0.0,-15.261783730100127,-550.0,2.0
0.0,-12.6481332240878,-550.0,3.0
0.0,-3.8772882281423726,-550.0,1.0
0.0,-5.386212183287931,-550.0,2.0
0.0,-13.934752117559682,-550.0,3.0
0.0,-4.281856575469382,-550.0,1.0
0.0,-12.371141768781387,-550.0,2.0
0.0,-11.57812965135888,-550.0,3.0
0.0,-15.531982402006358,-550.0,1.0
0.0,-2.844463845386935,-550.0,2.0
0.0,-15.531982402006358,-550.0,3.0
0.0,-9.79636041312594,-550.0,1.0
0.0,-14.799104060198072,-550.0,2.0
0.0,-9.54579989749666,-550.0,3.0
0.0,-3.858739034977324,-550.0,1.0
0.0,-14.603903405810785,-550.0,2.0
0.0,-3.858739034977324,-550.0,3.0
0.0,-6.889579244207255,-550.0,1.0
0.0,-8.880583150699088,-550.0,2.0
0.0,-9.297721252827422,-550.0,3.0
0.0,-3.526164874484323,-550.0,1.0
0.0,-9.883777689377798,-550.0,2.0
0.0,-5.957840821933072,-550.0,3.0
0.0,-7.4022554368914335,-550.0,1.0
0.0,-2.753005294023998,-550.0,2.0
0.0,-12.146665264477413,-550.0,3.0
0.0,-14.523746790210948,-550.0,1.0
0.0,-7.718294442111196,-550.0,2.0
0.0,-14.523746790210948,-550.0,3.0
0.0,-11.341307971081637,-550.0,1.0
0.0,-7.800419038376532,-550.0,2.0
0.0,-14.882196903786742,-550.0,3.0
0.0,-6.957218290161885,-550.0,1.0
0.0,-4.797217510636665,-550.0,2.0
0.0,-14.523746790210948,-550.0,3.0
0.0,-13.222302553542942,-550.0,1.0
0.0,-11.071027975411884,-550.0,2.0
0.0,-13.222302553542942,-550.0,3.0
0.0,-2.195675396751799,-550.0,1.0
0.0,-4.856654352216847,-550.0,2.0
0.0,-2.195675396751799,-550.0,3.0
0.0,-11.670227129132192,-550.0,1.0
0.0,-8.463445048570755,-550.0,2.0
0.0,-9.297721252827422,-550.0,3.0
0.0,-5.113516162414015,-550.0,1.0
0.0,-15.951246827065658,-550.0,2.0
0.0,-13.284864445170946,-550.0,3.0
0.0,-14.752059534225685,-550.0,1.0
0.0,-14.84614858617046,-550.0,2.0
0.0,-14.752059534225685,-550.0,3.0
0.0,-3.4745565697912397,-550.0,1.0
0.0,-4.093162283759572,-550.0,2.0
0.0,-3.4745565697912397,-550.0,3.0
0.0,-10.785117533936374,-550.0,1.0
0.0,-12.371141768781387,-550.0,2.0
0.0,-10.785117533936374,-550.0,3.0
0.0,-15.928346036120383,-550.0,1.0
0.0,-5.535793818781542,-550.0,2.0
0.0,-2.218782637503203,-550.0,3.0
0.0,-10.034482718075473,-550.0,1.0
0.0,-12.6481332240878,-550.0,2.0
0.0,-10.034482718075473,-550.0,3.0
0.0,-7.1139114433570025,-550.0,1.0
0.0,-12.207052857490611,-550.0,2.0
0.0,-7.1139114433570025,-550.0,3.0
0.0,-6.4071815711870865,-550.0,1.0
0.0,-10.785117533936374,-550.0,2.0
0.0,-6.4071815711870865,-550.0,3.0
0.0,-3.1652537128070737,-550.0,1.0
0.0,-14.901889677602053,-550.0,2.0
0.0,-3.4745565697912397,-550.0,3.0
0.0,-15.30465380083754,-550.0,1.0
0.0,-15.810203541477009,-550.0,2.0
0.0,-14.752059534225685,-550.0,3.0
0.0,-7.198051283378264,-550.0,1.0
0.0,-3.028981041449766,-550.0,2.0
0.0,-2.1992230479222084,-550.0,3.0
0.0,-14.042733005436961,-550.0,1.0
0.0,-9.297721252827422,-550.0,2.0
0.0,-14.042733005436961,-550.0,3.0
0.0,-8.517834794530334,-550.0,1.0
0.0,-2.195675396751799,-550.0,2.0
0.0,-8.517834794530334,-550.0,3.0
0.0,-2.801505810393296,-550.0,1.0
0.0,-9.032330290821145,-550.0,2.0
0.0,-2.801505810393296,-550.0,3.0
0.0,-15.076676032825143,-550.0,1.0
0.0,-2.262185592293072,-550.0,2.0
0.0,-15.866778094236746,-550.0,3.0
0.0,-8.72765746506931,-550.0,1.0
0.0,-11.341307971081637,-550.0,2.0
0.0,-8.72765746506931,-550.0,3.0
0.0,-3.454186206610867,-550.0,1.0
0.0,-15.866778094236746,-550.0,2.0
0.0,-15.540652834518689,-550.0,3.0
0.0,-3.4867814370182906,-550.0,1.0
0.0,-2.1162301837683017,-550.0,2.0
0.0,-14.28751956849336,-550.0,3.0
0.0,-2.5612269573052693,-550.0,1.0
0.0,-4.491102791663376,-550.0,2.0
0.0,-2.5612269573052693,-550.0,3.0
0.0,-10.097138723081544,-550.0,1.0
0.0,-3.7184332959612156,-550.0,2.0
0.0,-7.479471150594602,-550.0,3.0
0.0,-8.739623133729824,-550.0,1.0
0.0,-11.737980891546087,-550.0,2.0
0.0,-15.244978129654683,-550.0,3.0
0.0,-4.772736295635045,-550.0,1.0
0.0,-4.283916434669713,-550.0,2.0
0.0,-2.7152555493955326,-550.0,3.0
0.0,-2.8559508558229076,-550.0,1.0
0.0,-3.4745565697912397,-550.0,2.0
0.0,-2.8559508558229076,-550.0,3.0
0.0,-15.17003415639183,-550.0,1.0
0.0,-7.98622514632593,-550.0,2.0
0.0,-15.17003415639183,-550.0,3.0
0.0,-11.965637294420933,-550.0,1.0
0.0,-13.50364307887542,-550.0,2.0
0.0,-2.0243661304833616,-550.0,3.0
0.0,-7.4208322120631465,-550.0,1.0
0.0,-10.034482718075473,-550.0,2.0
0.0,-5.186768532364205,-550.0,3.0
0.0,-13.494554808828003,-550.0,1.0
0.0,-5.826409492019611,-550.0,2.0
0.0,-13.494554808828003,-550.0,3.0
0.0,-2.02226494873163,-550.0,1.0
0.0,-15.17003415639183,-550.0,2.0
0.0,-2.02226494873163,-550.0,3.0
0.0,-15.520495391570385,-550.0,1.0
0.0,-2.8559508558229076,-550.0,2.0
0.0,-15.520495391570385,-550.0,3.0
0.0,-15.635968939131727,-550.0,1.0
0.0,-13.599064988072696,-550.0,2.0
0.0,-5.852577319943894,-550.0,3.0
0.0,-9.133568594069747,-550.0,1.0
0.0,-12.398849127223214,-550.0,2.0
0.0,-3.3007778315041723,-550.0,3.0
0.0,-11.240509005227988,-550.0,1.0
0.0,-3.7184332959612156,-550.0,2.0
0.0,-11.240509005227988,-550.0,3.0
0.0,-11.150768577711162,-550.0,1.0
0.0,-8.152283233976863,-550.0,2.0
0.0,-2.5612269573052693,-550.0,3.0
0.0,-14.224558998576324,-550.0,1.0
0.0,-7.21110524345119,-550.0,2.0
0.0,-11.661976993338307,-550.0,3.0
0.0,-4.045117554498248,-550.0,1.0
0.0,-15.21452757480063,-550.0,2.0
0.0,-15.866778094236746,-550.0,3.0
0.0,-11.341307971081637,-550.0,1.0
0.0,-12.612736796213994,-550.0,2.0
0.0,-8.72765746506931,-550.0,3.0
0.0,-3.454186206610867,-550.0,1.0
0.0,-15.866778094236746,-550.0,2.0
0.0,-3.454186206610867,-550.0,3.0
0.0,-12.631353535616519,-550.0,1.0
0.0,-9.661205754725938,-550.0,2.0
0.0,-11.661976993338307,-550.0,3.0
0.0,-13.816670185158753,-550.0,1.0
0.0,-5.141553781208877,-550.0,2.0
0.0,-13.02039260347905,-550.0,3.0
0.0,-6.520657296170189,-550.0,1.0
0.0,-11.240509005227988,-550.0,2.0
0.0,-6.520657296170189,-550.0,3.0
0.0,-14.966359356635321,-550.0,1.0
0.0,-3.5920744147504102,-550.0,2.0
0.0,-3.3007778315041723,-550.0,3.0
0.0,-7.421238205218074,-550.0,1.0
0.0,-4.661618345922728,-550.0,2.0
0.0,-5.373879605573018,-550.0,3.0
0.0,-9.544589242466056,-550.0,1.0
0.0,-9.138387887304788,-550.0,2.0
0.0,-3.4305675780182856,-550.0,3.0
0.0,-5.779104359864558,-550.0,1.0
0.0,-2.7760518047699794,-550.0,2.0
0.0,-3.0874371205949505,-550.0,3.0
0.0,-8.517849849082747,-550.0,1.0
0.0,-10.270927472750323,-550.0,2.0
0.0,-15.87156126596285,-550.0,3.0
0.0,-7.4208322120631465,-550.0,1.0
0.0,-10.034482718075473,-550.0,2.0
0.0,-7.4208322120631465,-550.0,3.0
0.0,-3.4494030348847637,-550.0,1.0
0.0,-15.87156126596285,-550.0,2.0
0.0,-3.4494030348847637,-550.0,3.0
0.0,-9.184435800839204,-550.0,1.0
0.0,-14.10486198452851,-550.0,2.0
0.0,-8.688288545971435,-550.0,3.0
0.0,-14.84620819659129,-550.0,1.0
0.0,-3.4305675780182856,-550.0,2.0
0.0,-14.84620819659129,-550.0,3.0
0.0,-9.46859680486313,-550.0,1.0
0.0,-5.338128621653565,-550.0,2.0
0.0,-5.373879605573018,-550.0,3.0
0.0,-3.883370997996648,-550.0,1.0
0.0,-3.3007778315041723,-550.0,2.0
0.0,-3.883370997996648,-550.0,3.0
0.0,-8.438285005019015,-550.0,1.0
0.0,-6.520657296170189,-550.0,2.0
0.0,-8.438285005019015,-550.0,3.0
0.0,-13.679407089455243,-550.0,1.0
0.0,-12.361378117502856,-550.0,2.0
0.0,-13.679407089455243,-550.0,3.0
0.0,-7.660434516113568,-550.0,1.0
0.0,-11.661976993338307,-550.0,2.0
0.0,-7.660434516113568,-550.0,3.0
0.0,-15.84279472156131,-550.0,1.0
0.0,-15.238510947476067,-550.0,2.0
0.0,-15.84279472156131,-550.0,3.0
0.0,-6.114006959056983,-550.0,1.0
0.0,-8.72765746506931,-550.0,2.0
0.0,-4.842578133924626,-550.0,3.0
0.0,-3.4781695792863037,-550.0,1.0
0.0,-15.84279472156131,-550.0,2.0
0.0,-3.4781695792863037,-550.0,3.0
0.0,-14.562778057387264,-550.0,1.0
0.0,-9.730552471567561,-550.0,2.0
0.0,-14.562778057387264,-550.0,3.0
0.0,-14.338421575431436,-550.0,1.0
0.0,-13.02039260347905,-550.0,2.0
0.0,-8.622130065967081,-550.0,3.0
0.0,-9.322881296379162,-550.0,1.0
0.0,-8.438285005019015,-550.0,2.0
0.0,-9.322881296379162,-550.0,3.0
0.0,-14.383766190142845,-550.0,1.0
0.0,-3.883370997996648,-550.0,2.0
0.0,-4.174667581242886,-550.0,3.0
0.0,-5.3023776377341125,-550.0,1.0
0.0,-5.373879605573018,-550.0,2.0
0.0,-5.3023776377341125,-550.0,3.0
0.0,-5.602729101156454,-550.0,1.0
0.0,-13.483505720044944,-550.0,2.0
0.0,-8.893439953549239,-550.0,3.0
0.0,-3.2717151074143604,-550.0,1.0
0.0,-14.10486198452851,-550.0,2.0
0.0,-14.897441333183577,-550.0,3.0
0.0,-4.3051734213999815,-550.0,1.0
0.0,-3.4494030348847637,-550.0,2.0
0.0,-2.85368851527128,-550.0,3.0
0.0,-10.034482718075473,-550.0,1.0
0.0,-7.4208322120631465,-550.0,2.0
0.0,-10.034482718075473,-550.0,3.0
0.0,-15.87156126596285,-550.0,1.0
0.0,-13.581272484990969,-550.0,2.0
0.0,-3.4494030348847637,-550.0,3.0
0.0,-9.920137835838874,-550.0,1.0
0.0,-15.690020681838645,-550.0,2.0
0.0,-14.10486198452851,-550.0,3.0
0.0,-9.383335821060337,-550.0,1.0
0.0,-8.893439953549239,-550.0,2.0
0.0,-14.621626194291403,-550.0,3.0
0.0,-9.540098772702036,-550.0,1.0
0.0,-13.742068923750507,-550.0,2.0
0.0,-5.338128621653565,-550.0,3.0
0.0,-7.533664737647467,-550.0,1.0
0.0,-4.465964164489124,-550.0,2.0
0.0,-2.052525478524652,-550.0,3.0
0.0,-5.636061004810042,-550.0,1.0
0.0,-2.3915388589209954,-550.0,2.0
0.0,-9.322881296379162,-550.0,3.0
0.0,-3.3463471055663465,-550.0,1.0
0.0,-12.570978647686987,-550.0,2.0
0.0,-13.469806559271111,-550.0,3.0
0.0,-4.759633452064611,-550.0,1.0
0.0,-14.562778057387264,-550.0,2.0
0.0,-4.758497809576836,-550.0,3.0
0.0,-6.041988591639937,-550.0,1.0
0.0,-9.922416511990015,-550.0,2.0
0.0,-9.712659576635314,-550.0,3.0
0.0,-11.341307971081637,-550.0,1.0
0.0,-15.781009084128954,-550.0,2.0
0.0,-8.72765746506931,-550.0,3.0
0.0,-9.6083047242123,-550.0,1.0
0.0,-9.712659576635314,-550.0,2.0
0.0,-9.6083047242123,-550.0,3.0
0.0,-5.945294869853917,-550.0,1.0
0.0,-13.974033075825535,-550.0,2.0
0.0,-2.954761971690125,-550.0,3.0
0.0,-8.831730596151212,-550.0,1.0
0.0,-4.643068588823375,-550.0,2.0
0.0,-13.469806559271111,-550.0,3.0
0.0,-9.133005174845836,-550.0,1.0
0.0,-4.690633757607445,-550.0,2.0
0.0,-3.7336683955458785,-550.0,3.0
0.0,-11.941232106077306,-550.0,1.0
0.0,-6.235453689829862,-550.0,2.0
0.0,-5.749547520674909,-550.0,3.0
0.0,-7.753281263929477,-550.0,1.0
0.0,-2.9229759793776537,-550.0,2.0
0.0,-7.753281263929477,-550.0,3.0
0.0,-8.64849201979369,-550.0,1.0
0.0,-9.138387887304788,-550.0,2.0
0.0,-7.5930139214557055,-550.0,3.0
0.0,-5.735413687149238,-550.0,1.0
0.0,-14.10486198452851,-550.0,2.0
0.0,-5.735413687149238,-550.0,3.0
0.0,-8.458438183831616,-550.0,1.0
0.0,-11.517422017235189,-550.0,2.0
0.0,-15.645122952746748,-550.0,3.0
0.0,-7.4208322120631465,-550.0,1.0
0.0,-10.034482718075473,-550.0,2.0
0.0,-7.4208322120631465,-550.0,3.0
0.0,-3.6758413481008656,-550.0,1.0
0.0,-4.331708318105845,-550.0,2.0
0.0,-15.645122952746748,-550.0,3.0
0.0,-8.93571553777083,-550.0,1.0
0.0,-7.951293239702787,-550.0,2.0
0.0,-5.46800330125402,-550.0,3.0
0.0,-14.610669475029638,-550.0,1.0
0.0,-5.644712937855575,-550.0,2.0
0.0,-9.541314905055836,-550.0,3.0
0.0,-7.089195146506672,-550.0,1.0
0.0,-7.753281263929477,-550.0,2.0
0.0,-7.089195146506672,-550.0,3.0
0.0,-9.446569562825166,-550.0,1.0
0.0,-2.599787641810863,-550.0,2.0
0.0,-5.749547520674909,-550.0,3.0
0.0,-2.7767030334843117,-550.0,1.0
0.0,-4.690633757607445,-550.0,2.0
0.0,-2.7767030334843117,-550.0,3.0
0.0,-15.788844540831061,-550.0,1.0
0.0,-15.129173733836712,-550.0,2.0
0.0,-8.73738510872294,-550.0,3.0
0.0,-2.2339705596182995,-550.0,1.0
0.0,-8.93582776801771,-550.0,2.0
0.0,-2.954761971690125,-550.0,3.0
0.0,-7.4015334861879065,-550.0,1.0
0.0,-5.533137567157354,-550.0,2.0
0.0,-10.10618321151252,-550.0,3.0
0.0,-6.114006959056983,-550.0,1.0
0.0,-8.72765746506931,-550.0,2.0
0.0,-6.114006959056983,-550.0,3.0
0.0,-4.67171358850635,-550.0,1.0
0.0,-9.214781089335094,-550.0,2.0
0.0,-10.10618321151252,-550.0,3.0
0.0,-13.019057854850105,-550.0,1.0
0.0,-11.315631171124435,-550.0,2.0
0.0,-2.862666683611801,-550.0,3.0
0.0,-6.096800912283019,-550.0,1.0
0.0,-6.432679830619076,-550.0,2.0
0.0,-12.745299624408045,-550.0,3.0
0.0,-3.486087583257893,-550.0,1.0
0.0,-6.225552626728353,-550.0,2.0
0.0,-15.013477075078258,-550.0,3.0
0.0,-13.143591604975423,-550.0,1.0
0.0,-5.749547520674909,-550.0,2.0
0.0,-7.324427460106932,-550.0,3.0
0.0,-6.757152087795269,-550.0,1.0
0.0,-3.5870620968004587,-550.0,2.0
0.0,-7.089195146506672,-550.0,3.0
0.0,-11.489615888655967,-550.0,1.0
0.0,-7.5930139214557055,-550.0,2.0
0.0,-6.047639955606623,-550.0,3.0
0.0,-10.434583178151554,-550.0,1.0
0.0,-5.9717250231195305,-550.0,2.0
0.0,-5.46800330125402,-550.0,3.0
